TWELVE,Kathmandu,RE,GO,TEWS,NO,NO,R,H,200,3,440000,800000
TWELVE,Bhaktapur,RE,E,TEW,NO,NO,R,P,300,10,200000,700000
TWELVE,Kathmandu,RE,GO,TEWS,NO,NO,TZ,P,500,4,600000,1800000
TWELVE,Kathmandu,RE,E,TEW,NO,NO,R,H,200,10,100000,350000
TWELVE,Kathmandu,RE,E,TEW,NO,YES,I,L,100,10,100000,700000
TWELVE,Kathmandu,RE,GO,TEW,NO,NO,I,S,1500,14,50000,400000
TWELVE,Kathmandu,RE,GO,TEW,NO,NO,I,P,50,4,50000,500000
TWELVE,Kathmandu,RE,GR,TEWS,NO,YES,TZ,P,100,10,410000,1400000
TWELVE,Kathmandu,RE,GO,TEW,NO,NO,R,H,600,4,44000,600000
TWELVE,Kathmandu,RE,P,TEWS,NO,NO,TZ,P,100,12,550000,1200000
TWELVE,Kathmandu,RE,E,TEWS,NO,NO,TZ,H,300,12,410000,700000
TWELVE,Kathmandu,RE,GR,TEWS,NO,YES,R,P,500,6,800000,1500000
TWELVE,Kathmandu,RE,E,TEW,NO,YES,R,P,200,10,100000,300000
TWELVE,Kathmandu,RE,E,TEWS,NO,NO,R,P,100,10,410000,900000
TWELVE,Kathmandu,RE,P,TEWS,NO,NO,TZ,P,100,16,440000,1800000
TWELVE,Kathmandu,RE,E,TEWS,NO,NO,I,H,500,10,410000,550000
TWELVE,Kathmandu,RE,GR,TEWS,NO,NO,TZ,P,150,6,900000,2000000
TWELVE,Kathmandu,RE,P,TEWS,NO,NO,I,P,500,4,770000,1600000
TWELVE,Kathmandu,RE,E,TEWS,NO,NO,R,H,1000,1,330000,450000
TWELVE,Kathmandu,RE,P,TEWS,YES,NO,R,P,300,10,140000,700000
TWELVE,Kathmandu,CM,P,TEWS,NO,NO,R,P,150,14,1000000,2500000
TWELVE,Kathmandu,CM,P,TEWS,NO,NO,R,P,150,16,1200000,2500000
TWELVE,Bhaktapur,RE,GR,TEWS,NO,NO,R,P,400,6,7500000,3000000
TWELVE,Lalitpur,RE,GR,TEW,NO,NO,R,S,200,13,163750,800000
TWELVE,Kathmandu,RE,E,TEWS,NO,NO,R,L,150,10,250000,1200000
TWELVE,Kathmandu,RE,P,TEWS,NO,NO,R,P,200,14,330000,700000
TWELVE,Kathmandu,RE,E,TEWS,NO,NO,R,P,80,4,440000,1200000
TWELVE,Kathmandu,CM,P,TEWS,NO,NO,I,L,50,50,2600000,5000000
TWELVE,Kathmandu,RE,GO,TEW,NO,NO,I,S,100,4,410000,410000
TWELVE,Kathmandu,CM,GR,TEWS,NO,NO,R,P,50,8,800000,2000000
TWELVE,Kathmandu,RE,GO,TEW,NO,YES,R,P,1000,3,44000,400000
TWELVE,Kathmandu,RE,GR,TEWS,NO,NO,R,P,1000,14,100000,600000
TWELVE,Kathmandu,RE,GO,TEW,NO,NO,R,P,1000,3,32000,400000
TWELVE,Kathmandu,RE,GO,TEWS,NO,NO,R,P,100,3,440000,1000000
TWELVE,Kathmandu,CM,P,TEWS,NO,YES,I,P,25,21,1400000,4000000
TWELVE,Kathmandu,RE,E,TEW,NO,NO,R,P,300,10,100000,700000
TWELVE,Kathmandu,CM,P,TEWS,NO,NO,R,P,15,12,1200000,4000000
TWELVE,Kathmandu,RE,P,TEWS,NO,NO,I,P,200,10,900000,1500000
TWELVE,Kathmandu,CM,P,TEWS,NO,YES,TZ,P,200,12,1200000,1500000
TWELVE,Kathmandu,RE,GR,TEW,NO,NO,I,P,200,6,600000,1000000
TWELVE,Lalitpur,RE,P,TEW,NO,YES,TZ,P,2000,16,131250,425000
TWELVE,Kathmandu,RE,P,TEWS,NO,NO,I,L,50,16,440000,900000
TWELVE,Kathmandu,RE,E,TEW,YES,NO,R,S,150,20,325000,700000
TWELVE,Kathmandu,CM,P,TEWS,NO,YES,R,P,150,10,550000,1200000
THIRTEEN,Kathmandu,RE,GR,TEWS,NO,NO,R,P,30,10,425000,1000000
THIRTEEN,Kathmandu,RE,E,TEW,NO,YES,R,H,1000,14,100000,275000
THIRTEEN,Kathmandu,RE,P,TEW,NO,NO,I,L,100,8,488000,900000
THIRTEEN,Kathmandu,RE,E,TEW,NO,NO,I,P,1500,12,100000,200000
THIRTEEN,Kathmandu,RE,P,TEWS,NO,NO,I,P,500,13,900000,1500000
THIRTEEN,Kathmandu,RE,GO,TEW,NO,NO,R,P,500,4,165000,350000
THIRTEEN,Kathmandu,RE,E,TEWS,NO,NO,R,P,100,10,410000,900000
THIRTEEN,Kathmandu,RE,GO,TEW,NO,NO,R,P,300,4,165000,375000
THIRTEEN,Kathmandu,RE,GO,TEW,NO,NO,TZ,P,1500,10,60000,200000
THIRTEEN,Kathmandu,RE,E,TEW,NO,YES,R,P,700,10,80000,650000
THIRTEEN,Kathmandu,CM,P,TEWS,NO,NO,R,P,10,6,600000,1300000
THIRTEEN,Kathmandu,RE,E,TEW,NO,YES,I,P,200,8,160000,450000
THIRTEEN,Kathmandu,RE,E,TEWS,YES,YES,R,P,500,8,26000,325000
THIRTEEN,Kathmandu,RE,GR,TEWS,NO,NO,TZ,P,30,22,98000,800000
THIRTEEN,Bhaktapur,RE,P,TEWS,NO,NO,I,P,1100,10,275000,605000
THIRTEEN,Bhaktapur,AG,E,TEW,NO,YES,I,P,1000,10,125000,350000
THIRTEEN,Kathmandu,RE,GO,TEWS,NO,NO,R,P,200,3,400000,1200000
THIRTEEN,Kathmandu,RE,GO,TEWS,NO,NO,R,P,300,3,275000,2000000
THIRTEEN,Kathmandu,RE,GR,TEW,NO,NO,TZ,P,300,12,165000,600000
THIRTEEN,Kathmandu,CM,P,TEWS,NO,YES,TZ,P,10,22,440000,1500000
THIRTEEN,Bhaktapur,RE,E,TEW,NO,YES,R,P,1500,12,175000,625000
THIRTEEN,Kathmandu,RE,E,TEWS,NO,NO,TZ,H,2000,10,400000,400000
THIRTEEN,Kathmandu,AG,E,TEW,NO,YES,I,L,300,14,30000,100000
THIRTEEN,Kathmandu,RE,E,TEW,NO,NO,R,P,1000,14,210000,400000
THIRTEEN,Kathmandu,RE,E,TEW,NO,NO,R,P,700,12,100000,400000
THIRTEEN,Kathmandu,RE,GO,TEWS,NO,NO,I,P,300,3,600000,800000
THIRTEEN,Kathmandu,CM,P,TEWS,NO,YES,TR,P,25,22,550000,1500000
THIRTEEN,Kathmandu,RE,E,TEWS,NO,YES,R,P,250,10,410000,550000
THIRTEEN,Kathmandu,RE,P,TEWS,NO,NO,R,P,150,10,275000,1000000
THIRTEEN,Kathmandu,CM,P,TEWS,NO,YES,R,P,30,14,1200000,2500000
THIRTEEN,Kathmandu,RE,GR,TEWS,NO,NO,R,P,30,10,550000,1400000
THIRTEEN,Kathmandu,RE,GR,TEWS,NO,NO,R,P,30,10,550000,1400000
THIRTEEN,Kathmandu,RE,GO,TEW,NO,NO,R,S,50,3,110000,200000
THIRTEEN,Kathmandu,RE,E,TEWS,NO,YES,R,P,1500,12,495000,550000
THIRTEEN,Kathmandu,RE,E,TEWS,YES,NO,R,P,500,8,150000,1000000
THIRTEEN,Kathmandu,RE,GO,TEWS,NO,NO,R,P,200,7,556000,600000
THIRTEEN,Kathmandu,RE,E,TEW,NO,YES,I,P,250,12,100000,375000
THIRTEEN,Kathmandu,CM,P,TEWS,NO,YES,R,P,10,22,550000,1500000
THIRTEEN,Kathmandu,RE,E,TEW,NO,NO,R,S,10,8,190000,300000
THIRTEEN,Kathmandu,RE,E,TEWS,NO,NO,I,P,250,10,150000,1200000
THIRTEEN,Kathmandu,RE,E,TEW,NO,NO,R,S,400,8,210000,275000
THIRTEEN,Kathmandu,RE,P,TEWS,NO,NO,R,S,1500,22,330000,500000
THIRTEEN,Kathmandu,RE,GO,TEWS,NO,YES,R,P,200,4,700000,1200000
THIRTEEN,Kathmandu,CM,GR,TEWS,NO,NO,R,P,50,10,800000,2500000
THIRTEEN,Kathmandu,RE,GO,TEW,NO,NO,R,P,25,4,44000,400000
THIRTEEN,Bhaktapur,RE,E,TEW,NO,NO,R,P,100,10,125000,500000
THIRTEEN,Bhaktapur,RE,E,TEW,NO,NO,R,P,1000,10,125000,500000
THIRTEEN,Kathmandu,RE,E,TEWS,NO,NO,TZ,P,200,8,410000,650000
THIRTEEN,Kathmandu,RE,E,TEW,NO,YES,TZ,P,1500,12,400000,455000
THIRTEEN,Lalitpur,RE,E,TEW,YES,YES,I,S,100,12,27500,125000
THIRTEEN,Lalitpur,CM,GO,TEWS,NO,NO,I,P,10,4,345000,2000000
THIRTEEN,Kathmandu,RE,P,TEWS,NO,NO,R,S,200,6,165000,600000
THIRTEEN,Kathmandu,RE,GO,TEW,NO,NO,R,S,200,6,45000,200000
THIRTEEN,Lalitpur,RE,E,TEW,NO,NO,R,L,250,10,45313,300000
THIRTEEN,Kathmandu,RE,E,TEWS,NO,NO,R,P,50,4,440000,1000000
THIRTEEN,Kathmandu,RE,P,TEWS,NO,NO,R,P,200,74,1000000,1600000
THIRTEEN,Kathmandu,RE,GO,TEWS,NO,NO,TZ,P,200,4,550000,700000
THIRTEEN,Kathmandu,RE,P,TEWS,NO,NO,R,S,300,4,400000,1000000
THIRTEEN,Kathmandu,RE,E,TEWS,NO,YES,TZ,P,100,8,600000,900000
THIRTEEN,Kathmandu,RE,GO,TEW,NO,YES,I,L,600,4,78000,100000
THIRTEEN,Kathmandu,RE,E,TEWS,NO,YES,I,P,200,9,600000,900000
THIRTEEN,Kathmandu,RE,GR,TEWS,NO,NO,R,P,200,10,275000,1500000
THIRTEEN,Bhaktapur,RE,E,TEW,NO,NO,R,P,500,12,125000,450000
THIRTEEN,Bhaktapur,AG,GO,TEW,NO,YES,I,H,200,4,20000,80000
THIRTEEN,Bhaktapur,RE,GO,TEW,NO,NO,R,P,1500,4,150000,400000
THIRTEEN,Kathmandu,AG,GO,TEW,NO,YES,I,P,200,1,55000,75000
THIRTEEN,Kathmandu,RE,P,TEWS,NO,NO,R,P,50,8,700000,1500000
THIRTEEN,Kathmandu,RE,E,TEW,NO,NO,R,P,50,12,120000,400000
THIRTEEN,Lalitpur,RE,GR,TEW,NO,NO,I,L,300,14,33438,125000
THIRTEEN,Kathmandu,RE,GO,TEWS,NO,NO,I,P,50,4,275000,600000
THIRTEEN,Bhaktapur,RE,GO,TEW,NO,NO,R,P,300,4,60000,200000
THIRTEEN,Kathmandu,RE,E,TEW,YES,NO,R,P,50,12,100000,475000
THIRTEEN,Kathmandu,RE,E,TEWS,NO,NO,I,P,100,12,365000,800000
THIRTEEN,Kathmandu,RE,E,TEWS,NO,NO,R,P,200,26,210000,600000
THIRTEEN,Kathmandu,RE,E,TEWS,NO,YES,R,P,350,12,220000,1500000
THIRTEEN,Kathmandu,RE,GO,TEW,NO,NO,R,P,250,4,300000,350000
THIRTEEN,Lalitpur,RE,GO,TEWS,NO,NO,TZ,P,500,4,181250,1000000
THIRTEEN,Kathmandu,RE,E,TEWS,NO,NO,R,P,500,12,800000,1300000
THIRTEEN,Kathmandu,RE,E,TEW,NO,NO,R,S,200,12,160000,600000
THIRTEEN,Kathmandu,RE,GO,TEW,YES,YES,TZ,P,25,4,32000,300000
THIRTEEN,Kathmandu,RE,E,TEW,NO,NO,R,S,700,12,100000,300000
THIRTEEN,Bhaktapur,RE,E,TEW,NO,NO,R,P,1000,10,125000,500000
THIRTEEN,Kathmandu,RE,GO,TEWS,YES,NO,I,P,200,4,245000,550000
THIRTEEN,Kathmandu,RE,E,TEW,YES,NO,I,L,1000,12,330000,450000
THIRTEEN,Kathmandu,RE,E,TEW,NO,YES,TZ,P,250,10,380000,700000
THIRTEEN,Kathmandu,RE,GO,TEWS,NO,NO,TZ,P,100,4,600000,800000
THIRTEEN,Bhaktapur,RE,GO,TEW,NO,NO,R,P,1500,4,35000,75000
THIRTEEN,Kathmandu,RE,E,TEW,NO,NO,R,S,1000,26,32000,50000
THIRTEEN,Bhaktapur,AG,P,TEW,NO,NO,R,P,150,8,125000,125000
THIRTEEN,Kathmandu,AG,E,TEW,NO,NO,TR,P,150,12,120000,150000
THIRTEEN,Kathmandu,RE,E,TEW,NO,YES,I,P,200,12,365000,600000
THIRTEEN,Kathmandu,RE,P,TEW,NO,NO,R,P,300,12,230000,450000
THIRTEEN,Kathmandu,RE,E,TEW,YES,YES,R,P,60,12,60000,450000
THIRTEEN,Kathmandu,RE,P,TEW,NO,NO,R,P,200,14,400000,900000
THIRTEEN,Kathmandu,RE,E,TEWS,NO,NO,TZ,P,150,4,440000,850000
THIRTEEN,Bhaktapur,AG,GO,TEW,NO,YES,R,P,100,16,100000,200000
THIRTEEN,Kathmandu,RE,P,TEWS,NO,YES,R,P,50,12,500000,2000000
THIRTEEN,Kathmandu,RE,GR,TEW,YES,NO,R,P,100,20,100000,800000
THIRTEEN,Kathmandu,RE,E,TEW,NO,NO,R,P,200,10,300000,900000
THIRTEEN,Bhaktapur,RE,GO,TEW,NO,NO,R,P,200,4,113000,675000
THIRTEEN,Kathmandu,CM,GO,TEWS,NO,NO,R,P,50,4,1000000,3000000
THIRTEEN,Kathmandu,CM,GO,TEWS,NO,NO,R,L,10,4,800000,1200000
THIRTEEN,Kathmandu,RE,E,TEW,NO,NO,TZ,H,500,14,170000,170000
THIRTEEN,Kathmandu,RE,E,TEW,NO,NO,R,P,30,8,210000,550000
THIRTEEN,Kathmandu,AG,GO,TEW,NO,YES,I,S,200,10,10000,100000
THIRTEEN,Kathmandu,AG,GO,TEW,NO,NO,I,S,700,4,32000,150000
THIRTEEN,Kathmandu,CM,P,TEWS,NO,NO,R,P,200,8,900000,1800000
THIRTEEN,Lalitpur,RE,E,TEW,NO,NO,R,P,700,12,128750,700000
THIRTEEN,Kathmandu,CM,GR,TEWS,NO,NO,I,P,10,8,800000,2000000
THIRTEEN,Kathmandu,CM,E,TEWS,NO,YES,TZ,S,50,10,115000,600000
THIRTEEN,Kathmandu,RE,E,TEWS,NO,NO,R,P,200,8,365000,700000
THIRTEEN,Kathmandu,RE,GO,TEWS,NO,NO,R,P,100,4,245000,500000
THIRTEEN,Lalitpur,CM,GR,TEWS,NO,YES,R,P,100,12,258750,1300000
THIRTEEN,Bhaktapur,RE,E,TEW,NO,NO,R,P,1000,16,100000,200000
THIRTEEN,Bhaktapur,RE,E,TEW,NO,NO,R,P,400,14,175000,350000
THIRTEEN,Bhaktapur,RE,E,TEW,NO,NO,TZ,H,300,14,150000,575000
THIRTEEN,Kathmandu,RE,E,TEW,NO,NO,R,P,300,13,210000,600000
THIRTEEN,Kathmandu,RE,E,TEWS,NO,NO,R,P,500,12,220000,700000
THIRTEEN,Kathmandu,RE,E,TEWS,NO,NO,R,P,25,10,165000,800000
THIRTEEN,Kathmandu,RE,P,TEWS,NO,NO,L,P,250,8,275000,900000
THIRTEEN,Kathmandu,CM,P,TEWS,NO,NO,TZ,P,140,14,900000,1400000
THIRTEEN,Kathmandu,RE,E,TEW,NO,NO,R,P,100,10,300000,700000
THIRTEEN,Bhaktapur,RE,E,TEW,YES,NO,TZ,L,100,12,125000,350000
THIRTEEN,Kathmandu,RE,GR,TEWS,NO,NO,R,S,25,6,440000,700000
THIRTEEN,Kathmandu,RE,E,TEWS,NO,YES,TZ,L,25,10,160000,550000
THIRTEEN,Kathmandu,RE,E,TEW,NO,YES,I,P,50,10,64000,450000
THIRTEEN,Kathmandu,RE,E,TEWS,NO,NO,R,P,100,12,330000,650000
THIRTEEN,Kathmandu,RE,E,TEWS,NO,YES,I,P,500,14,150000,700000
THIRTEEN,Kathmandu,CM,GR,TEWS,NO,NO,R,P,25,12,1000000,4000000
THIRTEEN,Bhaktapur,CM,P,TEWS,NO,NO,TZ,L,200,5,400000,1400000
THIRTEEN,Bhaktapur,AG,P,TEW,NO,YES,I,S,2000,18,17500,50000
THIRTEEN,Bhaktapur,AG,E,TEW,NO,YES,R,P,1500,0,40000,125000
THIRTEEN,Kathmandu,RE,E,TEW,NO,NO,R,L,200,10,330000,950000
THIRTEEN,Kathmandu,RE,E,TEWS,NO,NO,R,P,25,10,275000,700000
THIRTEEN,Kathmandu,CM,GR,TEWS,NO,YES,R,P,500,12,700000,1200000
THIRTEEN,Bhaktapur,RE,E,TEW,NO,NO,TZ,P,3000,10,150000,675000
THIRTEEN,Bhaktapur,RE,E,TEW,NO,NO,R,P,700,0,50000,300000
THIRTEEN,Kathmandu,RE,P,TEW,NO,NO,L,S,25,30,100000,600000
THIRTEEN,Kathmandu,RE,GO,TEW,NO,YES,TZ,P,700,1,150000,350000
THIRTEEN,Kathmandu,RE,P,TEWS,NO,NO,R,P,500,5,715000,1200000
THIRTEEN,Kathmandu,RE,GO,TEWS,NO,NO,L,P,30,4,275000,1200000
THIRTEEN,Lalitpur,RE,E,TEW,NO,NO,TZ,P,1000,12,128750,500000
THIRTEEN,Kathmandu,RE,E,TEW,NO,NO,TZ,P,500,10,210000,375000
THIRTEEN,Kathmandu,RE,GO,TEW,NO,NO,R,S,25,4,50000,400000
THIRTEEN,Kathmandu,RE,E,TEW,NO,NO,R,S,400,10,210000,375000
THIRTEEN,Bhaktapur,RE,GO,TEW,NO,YES,R,P,200,4,80000,550000
THIRTEEN,Kathmandu,RE,E,TEW,NO,YES,R,P,500,12,64000,600000
THIRTEEN,Kathmandu,RE,GO,TEWS,NO,NO,R,P,500,4,98000,550000
THIRTEEN,Kathmandu,RE,GO,TEWS,NO,NO,I,P,500,4,98000,550000
THIRTEEN,Kathmandu,RE,P,TEWS,NO,NO,R,L,50,5,400000,950000
THIRTEEN,Kathmandu,RE,GO,TEW,NO,YES,TZ,P,300,5,50000,350000
THIRTEEN,Kathmandu,RE,E,TEW,YES,YES,R,P,150,10,165000,300000
THIRTEEN,Lalitpur,RE,P,TEW,NO,YES,R,P,500,12,181250,550000
THIRTEEN,Kathmandu,RE,GR,TEW,NO,NO,R,P,200,14,220000,800000
THIRTEEN,Bhaktapur,RE,GO,TEW,NO,YES,R,P,500,3,800000,900000
THIRTEEN,Kathmandu,RE,E,TEWS,NO,NO,R,P,1000,10,488000,1000000
THIRTEEN,Bhaktapur,RE,GR,TEWS,NO,NO,R,P,1200,12,175000,800000
THIRTEEN,Kathmandu,RE,E,TEW,NO,YES,R,L,1000,12,192000,550000
THIRTEEN,Bhaktapur,RE,E,TEW,NO,YES,R,P,2500,4,100000,332000
THIRTEEN,Kathmandu,RE,GO,TEWS,NO,NO,R,P,50,4,600000,900000
THIRTEEN,Kathmandu,RE,E,TEWS,NO,NO,R,P,150,14,365000,1200000
THIRTEEN,Kathmandu,CM,P,TEWS,NO,NO,I,L,25,9,300000,1600000
THIRTEEN,Kathmandu,RE,GR,TEWS,NO,YES,I,P,500,10,400000,900000
THIRTEEN,Bhaktapur,RE,E,TEW,YES,YES,TZ,P,300,11,125000,500000
THIRTEEN,Kathmandu,CM,P,TEWS,NO,YES,I,P,10,12,1200000,3000000
THIRTEEN,Kathmandu,RE,E,TEW,NO,NO,R,P,700,10,330000,550000
THIRTEEN,Kathmandu,RE,GO,TEW,NO,NO,I,H,300,4,12000,200000
THIRTEEN,Kathmandu,CM,P,TEWS,YES,YES,I,L,500,30,1200000,2025000
THIRTEEN,Kathmandu,RE,GO,TEW,YES,YES,TZ,P,150,1,165000,400000
THIRTEEN,Kathmandu,RE,GO,TEW,NO,NO,R,S,1000,1,12000,200000
THIRTEEN,Bhaktapur,AG,GO,TEW,NO,YES,TZ,P,1000,10,50000,300000
THIRTEEN,Kathmandu,RE,GO,TEWS,NO,NO,R,P,600,4,488000,800000
THIRTEEN,Kathmandu,RE,E,TEW,YES,NO,R,P,2000,10,330000,600000
THIRTEEN,Kathmandu,RE,GO,TEWS,NO,NO,R,P,300,1,600000,1000000
THIRTEEN,Kathmandu,RE,GO,TEW,NO,NO,R,P,300,4,60000,300000
THIRTEEN,Kathmandu,AG,E,TEW,NO,YES,I,S,100,24,32000,250000
THIRTEEN,Kathmandu,RE,E,TEW,NO,YES,I,P,1000,13,300000,800000
THIRTEEN,Kathmandu,CM,GR,TEWS,NO,NO,TZ,L,10,6,550000,1150000
THIRTEEN,Kathmandu,CM,P,TEWS,NO,YES,TR,P,300,4,900000,1000000
THIRTEEN,Kathmandu,CM,P,TEWS,NO,NO,R,P,150,14,1700000,8500000
THIRTEEN,Kathmandu,RE,E,TEWS,NO,NO,R,H,500,10,365000,500000
THIRTEEN,Kathmandu,RE,E,TEW,NO,NO,L,P,400,8,210000,500000
THIRTEEN,Kathmandu,CM,P,TEWS,NO,NO,L,P,10,6,1200000,2500000
THIRTEEN,Kathmandu,RE,E,TEW,NO,NO,R,P,400,8,210000,500000
THIRTEEN,Kathmandu,RE,E,TEW,NO,NO,TZ,L,500,8,210000,375000
THIRTEEN,Kathmandu,RE,E,TEW,NO,NO,TR,H,200,20,210000,550000
THIRTEEN,Lalitpur,RE,GO,TEW,NO,YES,L,P,2000,4,45313,350000
THIRTEEN,Kathmandu,RE,GO,TEW,NO,NO,R,P,250,4,150000,500000
THIRTEEN,Bhaktapur,CM,P,TEWS,NO,NO,L,S,180,5,425000,2000000
THIRTEEN,Kathmandu,RE,E,TEWS,NO,NO,R,P,400,86,715000,1000000
THIRTEEN,Kathmandu,RE,P,TEWS,NO,NO,TZ,P,30,10,425000,1000000
THIRTEEN,Kathmandu,RE,P,TEWS,NO,NO,TZ,P,115,10,1200000,2000000
THIRTEEN,Kathmandu,RE,E,TEWS,NO,NO,R,P,200,4,365000,1200000
THIRTEEN,Kathmandu,RE,GO,TEWS,NO,NO,TZ,H,100,4,410000,550000
THIRTEEN,Lalitpur,RE,P,TEWS,NO,NO,R,P,100,4,456250,3000000
THIRTEEN,Kathmandu,RE,GO,TEWS,NO,YES,R,P,500,4,400000,2000000
THIRTEEN,Bhaktapur,RE,E,TEW,NO,NO,TZ,P,25,4,125000,350000
THIRTEEN,Kathmandu,RE,E,TEWS,NO,NO,R,P,200,4,440000,1240000
THIRTEEN,Bhaktapur,RE,E,TEW,NO,NO,I,S,1000,4,100000,300000
THIRTEEN,Kathmandu,RE,E,TEW,NO,NO,R,P,25,4,100000,475000
THIRTEEN,Kathmandu,RE,E,TEWS,NO,NO,R,S,50,10,365000,1000000
THIRTEEN,Kathmandu,RE,E,TEW,NO,NO,I,S,2500,12,100000,300000
THIRTEEN,Kathmandu,RE,P,TEWS,NO,NO,TZ,L,200,8,1100000,2000000
THIRTEEN,Kathmandu,CM,P,TEW,NO,NO,R,P,500,22,2200000,6000000
THIRTEEN,Kathmandu,CM,P,TEW,NO,NO,R,P,500,22,800000,3000000
THIRTEEN,Kathmandu,RE,E,TEW,NO,NO,R,P,2500,10,90000,500000
THIRTEEN,Bhaktapur,RE,E,TEW,NO,NO,R,P,700,0,50000,300000
THIRTEEN,Kathmandu,RE,E,TEW,NO,NO,R,P,500,6,210000,550000
THIRTEEN,Kathmandu,RE,E,TEW,NO,NO,TZ,L,300,6,210000,400000
THIRTEEN,Bhaktapur,RE,E,TEW,NO,NO,R,P,500,12,125000,435000
THIRTEEN,Kathmandu,RE,E,TEWS,NO,NO,L,P,100,4,800000,3000000
THIRTEEN,Bhaktapur,RE,GO,TEW,NO,NO,R,P,1500,10,60000,100000
THIRTEEN,Kathmandu,RE,GO,TEW,NO,NO,R,P,1000,20,110000,110000
THIRTEEN,Kathmandu,RE,GO,TEW,NO,NO,R,P,25,4,300000,600000
THIRTEEN,Kathmandu,RE,P,TEWS,NO,NO,R,P,250,22,330000,800000
THIRTEEN,Kathmandu,CM,P,TEWS,NO,NO,TZ,P,100,16,1600000,4000000
THIRTEEN,Kathmandu,RE,GO,TEWS,NO,NO,R,P,400,4,488000,800000
THIRTEEN,Kathmandu,RE,E,TEW,NO,NO,R,P,250,12,100000,650000
THIRTEEN,Kathmandu,RE,E,TEW,NO,YES,R,P,200,4,210000,400000
THIRTEEN,Kathmandu,CM,P,TEWS,NO,NO,I,P,70,22,2200000,10000000
THIRTEEN,Kathmandu,CM,P,TEWS,NO,NO,R,P,500,22,2600000,10000000
THIRTEEN,Kathmandu,CM,P,TEWS,NO,NO,I,P,70,22,2200000,10000000
THIRTEEN,Kathmandu,CM,GO,TEWS,NO,NO,I,L,70,3.6576,1000000,4500000
THIRTEEN,Kathmandu,CM,GR,TEWS,NO,NO,I,L,70,12,1000000,4500000
THIRTEEN,Kathmandu,RE,P,TEWS,NO,YES,R,P,50,10,440000,1200000
THIRTEEN,Kathmandu,RE,GO,TEW,NO,NO,I,P,1500,8,32000,350000
THIRTEEN,Kathmandu,RE,GO,TEW,NO,NO,R,P,400,4,410000,600000
THIRTEEN,Kathmandu,RE,GO,TEW,NO,NO,R,P,300,4,165000,350000
THIRTEEN,Lalitpur,RE,P,TEWS,NO,NO,TZ,P,1000,4,275000,1200000
THIRTEEN,Bhaktapur,AG,GO,TEWS,NO,YES,I,P,2500,14,50000,87500
THIRTEEN,Bhaktapur,RE,GO,TEWS,NO,NO,R,S,1000,4,50000,100000
THIRTEEN,Kathmandu,RE,GR,TEWS,NO,NO,R,P,1000,10,250000,1000000
THIRTEEN,Kathmandu,RE,E,TEW,NO,NO,R,P,200,4,210000,550000
THIRTEEN,Kathmandu,RE,GO,TEW,NO,NO,R,P,100,4,190000,600000
THIRTEEN,Kathmandu,CM,GO,TEWS,NO,NO,TZ,P,60,4,800000,2000000
THIRTEEN,Kathmandu,RE,E,TEW,NO,NO,R,P,500,4,100000,800000
THIRTEEN,Kathmandu,RE,E,TEW,NO,NO,I,L,500,12,100000,650000
THIRTEEN,Kathmandu,RE,E,TEW,NO,NO,I,P,500,10,100000,750000
THIRTEEN,Kathmandu,RE,P,TEW,NO,NO,R,P,500,7,675000,700000
FOURTEEN,Kathmandu,RE,E,TEW,NO,YES,R,P,1000,4,440000,600000
FOURTEEN,Kathmandu,RE,GO,TEW,NO,NO,I,S,1500,3,55000,100000
FOURTEEN,Kathmandu,RE,E,TEWS,NO,NO,R,L,500,10,440000,700000
FOURTEEN,Kathmandu,RE,E,TEWS,NO,NO,TZ,P,100,4,715000,1100000
FOURTEEN,Kathmandu,RE,E,TEWS,NO,NO,R,P,500,12,160000,700000
FOURTEEN,Kathmandu,RE,E,TEW,NO,NO,I,L,100,4,250000,425000
FOURTEEN,Lalitpur,RE,E,TEW,NO,YES,L,P,1000,4,90625,350000
FOURTEEN,Kathmandu,RE,E,TEW,NO,NO,TZ,L,500,5,64000,425000
FOURTEEN,Kathmandu,RE,GO,TEW,NO,NO,R,P,500,6,50000,450000
FOURTEEN,Kathmandu,RE,E,TEWS,NO,YES,TZ,P,1000,4,365000,700000
FOURTEEN,Bhaktapur,RE,E,TEW,NO,NO,I,P,25,10,150000,500000
FOURTEEN,Kathmandu,RE,GR,TEW,NO,YES,TZ,P,1000,6,80000,700000
FOURTEEN,Kathmandu,RE,GR,TEWS,YES,YES,R,P,500,6,250000,1000000
FOURTEEN,Kathmandu,RE,E,TEWS,NO,YES,R,L,125,4,500000,1800000
FOURTEEN,Kathmandu,RE,P,TEWS,NO,NO,TZ,L,1000,22,275000,1000000
FOURTEEN,Kathmandu,RE,E,TEW,NO,YES,R,S,1000,4,165000,800000
FOURTEEN,Kathmandu,RE,E,TEW,NO,YES,R,S,200,12,210000,600000
FOURTEEN,Kathmandu,RE,E,TEWS,NO,NO,R,P,500,3.6576,300000,781000
FOURTEEN,Kathmandu,RE,E,TEW,NO,YES,I,L,500,4,192000,550000
FOURTEEN,Kathmandu,CM,P,TEWS,NO,NO,I,L,700,11,715000,1800000
FOURTEEN,Kathmandu,RE,E,TEW,NO,YES,I,P,200,11,210000,700000
FOURTEEN,Kathmandu,RE,E,TEW,NO,NO,R,L,100,4,98000,700000
FOURTEEN,Kathmandu,RE,P,TEWS,NO,NO,TZ,P,500,4,715000,1125000
FOURTEEN,Kathmandu,RE,GO,TEW,NO,NO,I,P,500,3,165000,341500
FOURTEEN,Kathmandu,RE,E,TEW,NO,YES,R,L,1000,12,192000,550000
FOURTEEN,Kathmandu,RE,P,TEWS,NO,NO,I,S,20,11,330000,1500000
FOURTEEN,Kathmandu,CM,P,TEWS,NO,YES,I,P,50,7,715000,1750000
FOURTEEN,Kathmandu,RE,E,TEW,NO,NO,R,H,2000,6,155000,225000
FOURTEEN,Kathmandu,RE,E,TEWS,NO,NO,TZ,P,10,10,365000,1050000
FOURTEEN,Kathmandu,RE,GO,TEW,NO,NO,I,P,200,4,150000,500000
FOURTEEN,Kathmandu,RE,E,TEWS,NO,NO,TZ,P,1500,8,410000,700000
FOURTEEN,Bhaktapur,CM,P,TEWS,NO,NO,TZ,P,25,50,700000,3000000
FOURTEEN,Kathmandu,RE,GO,TEW,NO,NO,R,S,25,8,55000,300000
FOURTEEN,Bhaktapur,RE,GO,TEW,NO,NO,R,P,1500,4,150000,400000
FOURTEEN,Bhaktapur,RE,GR,TEWS,NO,NO,R,P,1000,20,6000,50000
FOURTEEN,Kathmandu,RE,E,TEW,NO,YES,R,P,300,4,325000,660000
FOURTEEN,Kathmandu,RE,E,TEWS,NO,NO,TZ,P,60,3.048,450000,1400000
FOURTEEN,Bhaktapur,RE,GO,TEW,NO,NO,TZ,S,300,6,60000,250000
FOURTEEN,Kathmandu,RE,E,TEWS,NO,NO,TZ,P,60,10,220000,900000
FOURTEEN,Kathmandu,RE,E,TEWS,NO,YES,R,P,100,10,700000,1750000
FOURTEEN,Kathmandu,RE,GR,TEWS,NO,NO,R,L,100,25,1000000,2500000
FOURTEEN,Kathmandu,RE,E,TEW,NO,NO,R,P,1000,12,80000,550000
FOURTEEN,Kathmandu,RE,E,TEW,NO,NO,R,P,500,4,100000,550000
FOURTEEN,Lalitpur,RE,P,TEWS,NO,NO,R,P,50,4,321000,2500000
FOURTEEN,Bhaktapur,RE,GO,TEW,NO,YES,I,P,1500,2,100000,350000
FOURTEEN,Bhaktapur,RE,GO,TEW,NO,NO,I,P,1500,5,100000,350000
FOURTEEN,Bhaktapur,RE,GO,TEW,NO,NO,I,P,1500,8,100000,350000
FOURTEEN,Kathmandu,RE,E,TEWS,NO,NO,I,P,25,6,160000,450000
FOURTEEN,Kathmandu,RE,GO,TEW,NO,NO,I,S,300,4,50000,350000
FOURTEEN,Kathmandu,RE,E,TEWS,NO,NO,I,L,60,10,98000,800000
FOURTEEN,Lalitpur,RE,E,TEW,NO,NO,R,P,500,4,132813,650000
FOURTEEN,Kathmandu,RE,E,TEW,NO,NO,R,P,2000,20,38000,80000
FOURTEEN,Bhaktapur,RE,P,TEWS,NO,YES,R,S,300,18,8000,47200
FOURTEEN,Kathmandu,RE,P,TEWS,NO,NO,I,P,300,10,1000000,2000000
FOURTEEN,Kathmandu,CM,GO,TEWS,NO,NO,R,P,40,1,1000000,3500000
FOURTEEN,Kathmandu,CM,GR,TEWS,YES,NO,TR,H,100,6,990000,2000000
FOURTEEN,Kathmandu,RE,E,TEWS,NO,NO,L,P,100,19,715000,2500000
FOURTEEN,Kathmandu,RE,GO,TEW,NO,NO,I,S,300,3,400000,560000
FOURTEEN,Kathmandu,RE,P,TEWS,NO,NO,R,P,700,10,400000,1600000
FOURTEEN,Kathmandu,RE,E,TEWS,NO,NO,R,S,1500,4,64000,425000
FOURTEEN,Kathmandu,RE,GO,TEW,NO,NO,I,L,1000,1.2192,60000,350000
FOURTEEN,Kathmandu,RE,E,TEWS,NO,NO,TZ,P,500,2.4384,700000,900000
FOURTEEN,Kathmandu,RE,E,TEWS,NO,NO,R,P,500,3.048,700000,900000
FOURTEEN,Kathmandu,RE,GO,TEWS,NO,NO,I,L,200,1.2192,275000,650000
FOURTEEN,Lalitpur,AG,GO,TEW,NO,NO,R,P,200,0,25000,200000
FOURTEEN,Kathmandu,RE,GO,TEWS,NO,NO,I,L,120,0.9144,340000,650000
FOURTEEN,Kathmandu,RE,P,TEWS,NO,NO,TZ,P,500,4,632000,1800000
FOURTEEN,Kathmandu,RE,GO,TEWS,YES,NO,R,P,500,5,330000,850000
FOURTEEN,Bhaktapur,RE,E,TEW,NO,NO,R,P,700,4,125000,525000
FOURTEEN,Kathmandu,RE,E,TEW,NO,NO,R,S,2000,4,150000,225000
FOURTEEN,Bhaktapur,RE,E,TEW,NO,NO,R,S,200,4,150000,225000
FOURTEEN,Bhaktapur,RE,GO,TEWS,NO,NO,I,L,200,6,150000,600000
FOURTEEN,Bhaktapur,RE,E,TEWS,NO,NO,R,S,1000,4,150000,200000
FOURTEEN,Kathmandu,RE,GO,TEW,NO,NO,R,L,5000,7.9248,64000,600000
FOURTEEN,Kathmandu,RE,E,TEW,NO,NO,I,L,1000,3.048,100000,400000
FOURTEEN,Lalitpur,RE,GO,TEWS,NO,YES,R,P,500,1.8288,87500,600000
FOURTEEN,Kathmandu,AG,E,TEW,NO,YES,I,P,1000,6,155000,300000
FOURTEEN,Kathmandu,RE,GO,TEWS,NO,NO,R,P,300,1.2192,275000,1000000
FOURTEEN,Kathmandu,RE,P,TEWS,NO,NO,TR,P,700,4,715000,1000000
FOURTEEN,Bhaktapur,RE,E,TEWS,NO,NO,R,S,500,2.4384,181250,900000
FOURTEEN,Bhaktapur,RE,GO,TEW,NO,NO,TZ,P,1000,1.2192,100000,300000
FOURTEEN,Kathmandu,RE,P,TEWS,NO,NO,R,P,130,5.1816,1200000,2700000
FOURTEEN,Kathmandu,RE,GO,TEW,NO,NO,R,P,20,0.9144,165000,350000
FOURTEEN,Kathmandu,RE,GR,TEWS,NO,NO,R,P,20,3.6576,1000000,3500000
FOURTEEN,Kathmandu,RE,P,TEW,NO,YES,R,H,100,6,144000,375000
FOURTEEN,Kathmandu,RE,E,TEW,NO,NO,TZ,S,2000,3.048,210000,400000
FOURTEEN,Bhaktapur,CM,P,TEWS,NO,NO,R,P,1000,62,750000,1500000
FOURTEEN,Kathmandu,RE,GO,TEW,NO,YES,TZ,L,200,2.1336,50000,500000
FOURTEEN,Kathmandu,RE,P,TEWS,NO,YES,TZ,H,1500,3.9624,400000,1000000
FOURTEEN,Kathmandu,RE,GO,TEW,NO,NO,R,H,1000,1.8288,45000,200000
FOURTEEN,Kathmandu,RE,E,TEW,NO,NO,I,S,300,4,325000,600000
FOURTEEN,Kathmandu,RE,E,TEWS,NO,NO,TZ,P,100,6.096,275000,950000
FOURTEEN,Kathmandu,RE,E,TEW,NO,NO,R,P,100,4,210000,525000
FOURTEEN,Kathmandu,RE,E,TEWS,NO,NO,TZ,P,100,6.096,245000,850000
FOURTEEN,Kathmandu,CM,P,TEWS,NO,NO,R,P,100,5.4864,1700000,8000000
FOURTEEN,Kathmandu,RE,E,TEWS,NO,NO,TZ,P,700,4,330000,700000
FOURTEEN,Lalitpur,RE,GO,TEW,NO,NO,I,S,150,2.4384,25000,225000
FOURTEEN,Kathmandu,RE,GO,TEWS,NO,NO,R,P,200,1.2192,130000,700000
FOURTEEN,Kathmandu,RE,P,TEWS,NO,NO,TZ,S,50,4,330000,1050000
FOURTEEN,Kathmandu,AG,GO,TEW,NO,YES,I,P,1200,0,150000,250000
FOURTEEN,Kathmandu,RE,GO,TEW,NO,NO,R,P,1000,6,150000,500000
FOURTEEN,Kathmandu,AG,GO,TEW,NO,YES,R,P,1500,0,100000,225000
FOURTEEN,Kathmandu,RE,P,TEW,NO,YES,TZ,S,300,5,410000,1500000
FOURTEEN,Kathmandu,RE,E,TEW,NO,NO,I,P,2500,6.096,155000,300000
FOURTEEN,Kathmandu,RE,GO,TEWS,NO,NO,TZ,H,2500,6.096,160000,350000
FOURTEEN,Kathmandu,RE,GO,TEW,NO,NO,I,S,1000,6.096,225000,475000
FOURTEEN,Kathmandu,AG,E,TEW,NO,NO,R,H,1000,0,10000,125000
FOURTEEN,Kathmandu,RE,GO,TEWS,NO,NO,I,S,20,3,100000,950000
FOURTEEN,Bhaktapur,RE,E,TEW,NO,YES,R,P,200,3.6576,125000,600000
FOURTEEN,Lalitpur,RE,GO,TEW,NO,NO,R,L,700,5.5,181250,825000
FOURTEEN,Kathmandu,RE,GO,TEWS,NO,NO,TZ,P,200,3.048,550000,1100000
FOURTEEN,Kathmandu,RE,GO,TEW,NO,YES,TZ,S,2500,4.8768,64000,550000
FOURTEEN,Kathmandu,RE,GO,TEW,NO,YES,R,P,1500,1.2192,50000,700000
FOURTEEN,Bhaktapur,RE,E,TEW,NO,NO,R,P,200,4,200000,1100000
FOURTEEN,Kathmandu,RE,GO,TEWS,NO,YES,I,P,300,1.2192,700000,1200000
FOURTEEN,Kathmandu,RE,GO,TEWS,NO,YES,L,P,50,1.8288,340000,1625000
FOURTEEN,Kathmandu,RE,GO,TEWS,NO,NO,I,P,400,1.2192,165000,800000
FOURTEEN,Kathmandu,RE,GO,TEWS,NO,NO,R,P,150,0.9144,340000,3000000
FOURTEEN,Bhaktapur,RE,GO,TEW,NO,NO,TR,P,200,6,175000,800000
FOURTEEN,Kathmandu,RE,P,TEWS,NO,NO,R,P,100,3.048,690000,1500000
FOURTEEN,Kathmandu,RE,GO,TEW,NO,NO,R,P,500,1.2192,600000,800000
FOURTEEN,Kathmandu,RE,P,TEWS,NO,YES,R,P,300,2.7432,900000,1500000
FOURTEEN,Kathmandu,RE,P,TEWS,NO,NO,TZ,P,200,3.048,250000,1000000
FOURTEEN,Kathmandu,CM,GR,TEWS,NO,NO,R,S,300,3.048,1000000,4000000
FOURTEEN,Kathmandu,RE,GO,TEWS,NO,NO,R,P,1700,4,250000,900000
FOURTEEN,Kathmandu,RE,GO,TEWS,NO,NO,R,P,1700,4,250000,900000
FOURTEEN,Kathmandu,RE,E,TEWS,NO,NO,R,P,500,2.4384,98000,700000
FOURTEEN,Kathmandu,RE,E,TEWS,NO,NO,R,P,500,2.4384,98000,700000
FOURTEEN,Kathmandu,RE,GO,TEWS,NO,YES,R,P,150,4,500000,1300000
FOURTEEN,Kathmandu,RE,E,TEW,NO,YES,R,S,200,5,400000,650000
FOURTEEN,Kathmandu,RE,GO,TEWS,NO,NO,I,S,200,1.2192,400000,550000
FOURTEEN,Kathmandu,AG,GO,TEW,NO,NO,I,S,200,1.2192,200000,200000
FOURTEEN,Kathmandu,RE,E,TEWS,NO,NO,TZ,P,200,4,500000,900000
FOURTEEN,Kathmandu,RE,GR,TEWS,NO,NO,R,P,150,3.6576,600000,1000000
FOURTEEN,Kathmandu,RE,E,TEWS,NO,YES,I,P,200,6,800000,1600000
FOURTEEN,Kathmandu,RE,P,TEWS,NO,NO,TZ,P,20,3.6576,500000,1000000
FOURTEEN,Kathmandu,RE,GO,TEW,NO,NO,I,S,250,1.2192,200000,350000
FOURTEEN,Kathmandu,RE,E,TEW,YES,NO,I,P,500,4,300000,550000
FOURTEEN,Kathmandu,RE,E,TEW,NO,YES,L,P,300,4,300000,700000
FOURTEEN,Kathmandu,RE,GO,TEWS,NO,YES,TZ,P,500,1.2192,300000,1800000
FOURTEEN,Kathmandu,RE,GO,TEW,NO,NO,R,S,500,4,400000,850000
FOURTEEN,Bhaktapur,RE,E,TEW,NO,NO,R,P,500,3.048,200000,550000
FOURTEEN,Bhaktapur,RE,P,TEW,NO,NO,L,S,4000,11,250000,400000
FOURTEEN,Kathmandu,RE,E,TEWS,YES,NO,R,P,300,5,1100000,1200000
FOURTEEN,Kathmandu,RE,E,TEW,NO,YES,R,P,20,3.6576,500000,700000
FOURTEEN,Kathmandu,RE,E,TEW,NO,NO,I,P,1500,3.6576,300000,375000
FOURTEEN,Bhaktapur,RE,E,TEW,NO,NO,R,P,5000,3.048,150000,550000
FOURTEEN,Bhaktapur,CM,P,TEWS,YES,YES,TZ,P,20,50,900000,4000000
FOURTEEN,Kathmandu,RE,E,TEW,NO,NO,R,P,200,2.4384,400000,600000
FOURTEEN,Kathmandu,RE,P,TEW,NO,NO,I,S,500,11,300000,500000
FOURTEEN,Kathmandu,RE,E,TEW,NO,YES,R,P,250,3.048,300000,400000
FOURTEEN,Lalitpur,RE,E,TEW,NO,NO,I,L,150,4,37500,400000
FOURTEEN,Kathmandu,RE,GO,TEW,YES,YES,R,P,250,1.2192,100000,500000
FOURTEEN,Kathmandu,CM,P,TEWS,NO,NO,I,P,100,11,1500000,3000000
FOURTEEN,Kathmandu,RE,E,TEW,NO,NO,R,P,150,3.048,300000,500000
FOURTEEN,Kathmandu,RE,GO,TEWS,NO,NO,I,P,20,1.2192,300000,800000
FOURTEEN,Kathmandu,RE,GO,TEW,NO,NO,R,P,200,1.2192,200000,500000
FOURTEEN,Bhaktapur,RE,GO,TEW,NO,NO,I,H,2000,4,45000,200000
FOURTEEN,Kathmandu,AG,GR,TEW,YES,YES,I,H,1000,0,50000,150000
FOURTEEN,Bhaktapur,RE,E,TEWS,YES,NO,I,P,1000,3.048,240000,400000
FOURTEEN,Kathmandu,RE,E,TEW,NO,NO,I,P,500,4,300000,500000
FOURTEEN,Kathmandu,RE,E,TEW,NO,NO,I,P,500,4,300000,500000
FOURTEEN,Kathmandu,CM,P,TEWS,NO,NO,TZ,P,250,4.8768,600000,1700000
FOURTEEN,Kathmandu,CM,P,TEWS,NO,NO,TZ,P,100,6.096,1500000,3500000
FOURTEEN,Kathmandu,RE,P,TEW,NO,NO,I,S,500,11,300000,500000
FOURTEEN,Kathmandu,RE,GO,TEWS,NO,NO,R,P,1000,3.048,500000,1200000
FOURTEEN,Lalitpur,RE,GO,TEW,NO,NO,TZ,S,200,2.4384,75000,400000
FOURTEEN,Kathmandu,AG,GO,TEW,NO,YES,TZ,H,1000,0,45000,50000
FOURTEEN,Bhaktapur,RE,E,TEW,NO,NO,I,S,1500,6,70000,100000
FOURTEEN,Kathmandu,RE,E,TEW,NO,NO,TZ,S,2000,7,50000,75000
FOURTEEN,Kathmandu,RE,E,TEW,NO,NO,TZ,S,2000,7,50000,75000
FOURTEEN,Kathmandu,RE,GO,TEW,NO,NO,R,P,500,3.6576,300000,900000
FOURTEEN,Kathmandu,RE,E,TEW,NO,YES,I,P,1500,6.096,500000,650000
FOURTEEN,Bhaktapur,RE,GO,TEW,NO,NO,I,P,300,0.9144,22000,200000
FOURTEEN,Kathmandu,RE,E,TEW,NO,NO,R,P,250,3.048,300000,1000000
FOURTEEN,Kathmandu,RE,GO,TEW,NO,NO,R,P,200,1.2192,700000,800000
FOURTEEN,Kathmandu,RE,E,TEW,NO,NO,R,H,250,3.048,300000,750000
FOURTEEN,Kathmandu,RE,GR,TEWS,NO,NO,R,P,30,3.048,700000,1600000
FOURTEEN,Kathmandu,RE,GR,TEWS,NO,NO,R,P,30,3.048,700000,1600000
FOURTEEN,Kathmandu,RE,P,TEWS,NO,NO,I,P,20,6,1000000,4500000
FOURTEEN,Kathmandu,RE,GO,TEW,NO,NO,TZ,P,200,0.9144,500000,1000000
FOURTEEN,Kathmandu,RE,P,TEW,NO,NO,TZ,P,100,4.8768,700000,1200000
FOURTEEN,Kathmandu,CM,E,TEWS,NO,NO,I,P,100,3.048,1200000,3200000
FOURTEEN,Lalitpur,RE,GO,TEW,NO,NO,TZ,P,1000,0.9144,112500,550000
FOURTEEN,Bhaktapur,RE,GO,TEW,NO,NO,TZ,P,200,2.4384,325000,650000
FOURTEEN,Bhaktapur,RE,P,TEW,NO,NO,R,L,2000,6,330000,900000
FOURTEEN,Kathmandu,RE,GO,TEW,YES,YES,TZ,P,200,3.048,300000,625000
FOURTEEN,Bhaktapur,RE,E,TEW,NO,NO,TZ,S,20,3.6576,150000,475000
FOURTEEN,Lalitpur,RE,GO,TEW,NO,NO,I,L,300,3.6576,112500,500000
FOURTEEN,Kathmandu,RE,GO,TEW,YES,NO,R,S,50,3.6576,40000,550000
FOURTEEN,Kathmandu,CM,P,TEWS,NO,NO,I,P,20,22,3000000,9000000
FOURTEEN,Kathmandu,CM,P,TEWS,YES,YES,R,H,150,10,600000,2000000
FOURTEEN,Bhaktapur,RE,E,TEW,NO,NO,R,P,300,4.2672,150000,900000
FOURTEEN,Kathmandu,RE,GO,TEWS,NO,NO,R,P,90,3.048,900000,2500000
FOURTEEN,Lalitpur,RE,GO,TEW,YES,NO,R,P,200,1.2192,100000,550000
FOURTEEN,Kathmandu,RE,P,TEWS,NO,NO,TZ,P,50,3.6576,700000,1500000
FOURTEEN,Kathmandu,RE,GO,TEWS,NO,NO,R,P,250,3.048,500000,1300000
FOURTEEN,Kathmandu,RE,P,TEW,NO,NO,TZ,L,200,6,700000,1300000
FOURTEEN,Kathmandu,RE,E,TEW,NO,NO,I,S,500,3.048,150000,450000
FOURTEEN,Kathmandu,RE,E,TEW,NO,NO,I,S,500,3.048,150000,450000
FOURTEEN,Kathmandu,RE,E,TEW,NO,NO,I,S,500,3.048,150000,450000
FOURTEEN,Kathmandu,RE,P,TEWS,NO,NO,R,P,200,3.048,1300000,2000000
FOURTEEN,Kathmandu,RE,E,TEW,NO,NO,I,P,500,3.6576,300000,500000
FOURTEEN,Kathmandu,RE,E,TEW,NO,YES,I,L,200,4,300000,730000
FOURTEEN,Kathmandu,RE,E,TEW,NO,NO,R,P,150,4.8768,150000,550000
FOURTEEN,Kathmandu,RE,GO,TEW,NO,NO,R,P,500,1.2192,150000,550000
FOURTEEN,Kathmandu,RE,GO,TEW,NO,NO,R,P,500,0.9144,175000,250000
FOURTEEN,Kathmandu,CM,P,TEWS,NO,YES,R,P,300,6.7056,1800000,4200000
FOURTEEN,Kathmandu,RE,GO,TEWS,NO,NO,R,H,200,1.2192,100000,600000
FOURTEEN,Kathmandu,RE,E,TEW,YES,NO,R,S,500,6.096,225000,450000
FOURTEEN,Kathmandu,RE,GO,TEWS,NO,NO,R,P,60,0.9144,1000000,2000000
FOURTEEN,Kathmandu,RE,E,TEW,NO,NO,I,H,500,3.6576,90000,700000
FOURTEEN,Kathmandu,CM,GO,TEWS,NO,NO,I,P,500,1.2192,800000,1100000
FOURTEEN,Kathmandu,RE,E,TEW,NO,NO,I,S,1500,6.096,35000,100000
FOURTEEN,Kathmandu,RE,E,TEW,NO,NO,R,P,300,6.096,225000,450000
FOURTEEN,Kathmandu,RE,E,TEW,YES,NO,R,S,2000,4,550000,750000
FOURTEEN,Kathmandu,RE,GO,TEW,NO,NO,R,P,300,0.9144,60000,325000
FOURTEEN,Kathmandu,CM,P,TEWS,NO,YES,R,P,50,7,1300000,2700000
FOURTEEN,Kathmandu,CM,P,TEWS,NO,YES,R,P,50,7,1000000,2150000
FOURTEEN,Kathmandu,CM,P,TEWS,NO,NO,R,P,700,6,600000,1500000
FIFTEEN,Lalitpur,AG,GO,TEW,NO,NO,I,L,2500,0.9144,50000,200000
FIFTEEN,Kathmandu,RE,E,TEW,NO,NO,R,S,500,3.048,500000,600000
FIFTEEN,Kathmandu,RE,GO,TEW,YES,NO,I,S,200,6.096,35000,50000
FIFTEEN,Bhaktapur,RE,GO,TEW,NO,NO,R,P,1000,0.9144,70000,225000
FIFTEEN,Kathmandu,RE,GO,TEW,NO,NO,TZ,P,200,2.4384,200000,500000
FIFTEEN,Kathmandu,RE,GO,TEW,NO,NO,R,P,300,1.2192,300000,600000
FIFTEEN,Kathmandu,RE,E,TEW,NO,YES,I,S,1000,4,450000,500000
FIFTEEN,Kathmandu,RE,GO,TEW,NO,NO,R,P,500,0.9144,100000,300000
FIFTEEN,Kathmandu,RE,GO,TEW,NO,NO,R,P,300,4,300000,700000
FIFTEEN,Kathmandu,RE,GO,TEWS,NO,NO,TZ,P,1000,0.9144,150000,400000
FIFTEEN,Kathmandu,RE,GO,TEW,NO,YES,R,P,50,1.2192,100000,450000
FIFTEEN,Kathmandu,RE,E,TEW,NO,NO,TZ,S,500,4,100000,350000
FIFTEEN,Kathmandu,RE,E,TEW,NO,NO,TZ,S,500,4,90000,300000
FIFTEEN,Kathmandu,RE,E,TEW,NO,NO,I,S,500,3.6576,300000,500000
FIFTEEN,Kathmandu,CM,P,TEWS,NO,NO,L,P,20,4,2000000,10000000
FIFTEEN,Bhaktapur,RE,GO,TEW,NO,NO,L,S,200,1.8288,125000,1000000
FIFTEEN,Kathmandu,RE,E,TEW,NO,YES,R,S,300,4,90000,325000
FIFTEEN,Bhaktapur,RE,E,TEW,YES,NO,I,P,200,6.096,70000,350000
FIFTEEN,Kathmandu,RE,P,TEW,NO,NO,TZ,P,500,3.6576,1200000,725000
FIFTEEN,Kathmandu,RE,E,TEWS,NO,NO,R,P,20,4,770000,1000000
FIFTEEN,Kathmandu,RE,E,TEWS,NO,NO,R,P,20,4,700000,1000000
FIFTEEN,Kathmandu,CM,E,TEWS,NO,YES,R,P,150,3.048,1000000,2000000
FIFTEEN,Kathmandu,CM,P,TEWS,NO,YES,I,P,20,4,1300000,5000000
FIFTEEN,Kathmandu,CM,P,TEWS,NO,NO,TR,P,100,18,2400000,5000000
FIFTEEN,Kathmandu,RE,E,TEW,NO,NO,I,P,700,3.048,300000,600000
FIFTEEN,Kathmandu,CM,P,TEWS,NO,NO,R,P,200,6.096,1600000,3500000
FIFTEEN,Kathmandu,RE,E,TEW,NO,NO,I,L,500,4,300000,600000
FIFTEEN,Kathmandu,RE,P,TEWS,NO,NO,R,P,20,10,1000000,1600000
FIFTEEN,Kathmandu,CM,GO,TEWS,NO,NO,R,P,60,1.2192,1000000,8000000
FIFTEEN,Kathmandu,CM,P,TEWS,NO,NO,R,P,100,7,1400000,2500000
FIFTEEN,Kathmandu,RE,E,TEWS,NO,NO,I,P,150,8,700000,1200000
FIFTEEN,Kathmandu,RE,E,TEW,NO,YES,R,P,300,4,300000,550000
FIFTEEN,Lalitpur,RE,E,TEW,NO,NO,R,P,500,2.4384,100000,500000
FIFTEEN,Kathmandu,RE,GO,TEW,NO,NO,I,P,1500,0,150000,250000
FIFTEEN,Kathmandu,RE,E,TEW,NO,NO,R,P,1000,4,150000,425000
FIFTEEN,Kathmandu,RE,GO,TEWS,NO,NO,R,S,300,1.2192,800000,1200000
FIFTEEN,Kathmandu,RE,GO,TEW,NO,YES,R,P,0,3,50000,275000
FIFTEEN,Kathmandu,RE,E,TEW,NO,NO,I,S,200,4,300000,500000
FIFTEEN,Kathmandu,CM,P,TEWS,NO,NO,R,P,200,8,1800000,3000000
FIFTEEN,Kathmandu,CM,E,TEWS,NO,NO,R,P,100,2.4384,1100000,1500000
FIFTEEN,Lalitpur,CM,P,TEWS,NO,YES,I,P,300,11,525000,2000000
FIFTEEN,Kathmandu,RE,E,TEW,NO,NO,R,P,250,2.4384,750000,1500000
FIFTEEN,Kathmandu,RE,P,TEWS,NO,YES,R,P,400,5.4864,3000000,7000000
FIFTEEN,Kathmandu,RE,GO,TEW,NO,YES,R,P,1000,4,1100000,1200000
FIFTEEN,Bhaktapur,RE,E,TEW,NO,NO,R,S,60,4,200000,500000
FIFTEEN,Kathmandu,RE,E,TEWS,NO,NO,R,S,1000,3.6576,400000,1050000
FIFTEEN,Kathmandu,RE,E,TEWS,NO,YES,R,L,700,4,300000,850000
FIFTEEN,Kathmandu,RE,GO,TEWS,NO,NO,TZ,S,700,2.4384,800000,1400000
FIFTEEN,Kathmandu,RE,P,TEW,NO,YES,R,S,200,4,500000,800000
FIFTEEN,Kathmandu,RE,E,TEW,NO,NO,R,S,1500,4,550000,650000
FIFTEEN,Kathmandu,RE,P,TEWS,NO,NO,I,P,300,6.096,400000,1500000
FIFTEEN,Kathmandu,RE,E,TEW,NO,NO,R,S,1500,8,300000,500000
FIFTEEN,Kathmandu,RE,GO,TEW,NO,NO,R,P,300,2.4384,100000,350000
FIFTEEN,Kathmandu,RE,E,TEW,YES,YES,TZ,P,20,6,300000,500000
FIFTEEN,Kathmandu,RE,P,TEWS,NO,NO,R,P,300,4,400000,1500000
FIFTEEN,Kathmandu,RE,P,TEW,NO,NO,TZ,L,200,22,600000,600000
FIFTEEN,Kathmandu,RE,E,TEWS,NO,YES,TZ,P,20,4,450000,900000
FIFTEEN,Lalitpur,RE,E,TEW,NO,NO,TZ,P,350,4,118750,500000
FIFTEEN,Lalitpur,RE,E,TEW,NO,NO,R,H,0,6.096,625000,200000
FIFTEEN,Kathmandu,CM,GO,TEW,NO,NO,R,P,60,64,800000,1300000
FIFTEEN,Kathmandu,RE,P,TEWS,NO,YES,R,P,200,4,600000,1300000
FIFTEEN,Kathmandu,RE,E,TEW,NO,NO,R,P,100,16,500000,1500000
FIFTEEN,Bhaktapur,CM,P,TEWS,NO,YES,R,P,300,4.8768,330000,1600000
FIFTEEN,Lalitpur,CM,E,TEWS,NO,NO,R,P,300,4,162500,1200000
FIFTEEN,Kathmandu,RE,E,TEW,NO,YES,R,P,300,3.048,500000,1200000
FIFTEEN,Lalitpur,RE,E,TEW,NO,NO,I,P,500,4,125000,700000
FIFTEEN,Kathmandu,AG,E,TEW,NO,NO,R,P,1000,0,50000,200000
FIFTEEN,Kathmandu,RE,E,TEW,NO,NO,I,S,1000,4,300000,500000
FIFTEEN,Lalitpur,CM,GO,TEW,NO,YES,I,H,1000,12,75000,275000
FIFTEEN,Lalitpur,RE,E,TEW,NO,NO,R,P,150,10,93750,500000
FIFTEEN,Kathmandu,RE,E,TEWS,NO,NO,TZ,P,700,4,1100000,1450000
FIFTEEN,Bhaktapur,RE,E,TEWS,NO,YES,R,P,1000,6,7000,47000
FIFTEEN,Kathmandu,RE,GO,TEWS,NO,NO,R,P,200,2.4384,500000,1000000
FIFTEEN,Kathmandu,CM,P,TEWS,NO,YES,R,P,300,6.096,1100000,2500000
FIFTEEN,Kathmandu,RE,E,TEW,NO,YES,I,P,500,4,225000,1000000
FIFTEEN,Kathmandu,RE,GO,TEWS,NO,NO,I,L,120,0.9144,450000,800000
FIFTEEN,Kathmandu,RE,GO,TEWS,YES,NO,I,P,1500,6,500000,800000
FIFTEEN,Kathmandu,RE,P,TEW,YES,NO,R,P,150,6.7056,300000,1000000
FIFTEEN,Kathmandu,RE,P,TEWS,NO,NO,R,P,20,5.1816,900000,2500000
FIFTEEN,Kathmandu,RE,P,TEWS,YES,YES,R,P,500,4,500000,2000000
FIFTEEN,Lalitpur,RE,E,TEW,NO,NO,R,P,500,4,125000,700000
FIFTEEN,Kathmandu,RE,E,TEW,NO,NO,TR,S,1000,3.048,300000,360000
FIFTEEN,Kathmandu,RE,P,TEWS,NO,NO,R,P,200,2.7432,500000,1000000
FIFTEEN,Nuwakot,RE,E,TEWS,YES,YES,I,S,500,6,13750,141000
FIFTEEN,Nuwakot,CM,P,TEWS,NO,NO,TZ,S,200,30,240625,1500000
FIFTEEN,Nuwakot,RE,E,TEW,YES,YES,I,S,500,6,13750,141000
FIFTEEN,Nuwakot,RE,E,TEWS,NO,NO,TZ,S,500,3.6576,34375,375000
FIFTEEN,Kathmandu,RE,E,TEW,NO,NO,R,S,30,2.4384,300000,1200000
FIFTEEN,Nuwakot,RE,E,TEW,NO,NO,I,P,20,6,34375,250000
FIFTEEN,Kathmandu,RE,E,TEWS,NO,NO,I,S,500,3.048,275000,500000
FIFTEEN,Nuwakot,RE,E,TEWS,NO,NO,TZ,H,100,7.9248,13750,105000
FIFTEEN,Nuwakot,RE,E,TEW,NO,NO,R,S,100,4,34375,225000
FIFTEEN,Nuwakot,RE,GO,TEW,NO,NO,I,S,50,6,20625,225000
FIFTEEN,Nuwakot,RE,E,TEWS,NO,NO,R,P,300,9,41250,115000
FIFTEEN,Kathmandu,CM,P,TEWS,NO,YES,R,P,200,1.8288,800000,1500000
FIFTEEN,Kathmandu,RE,E,TEWS,NO,YES,R,P,100,3.6576,600000,600000
FIFTEEN,Nuwakot,RE,P,TEWS,NO,NO,R,P,500,30,137500,300000
FIFTEEN,Kathmandu,RE,E,TEWS,NO,NO,R,H,500,2.4384,500000,1000000
FIFTEEN,Nuwakot,RE,P,TEWS,NO,YES,R,H,1000,30,137500,380000
FIFTEEN,Nuwakot,RE,GO,TEWS,NO,YES,I,L,1000,9,41250,165000
FIFTEEN,Nuwakot,RE,GO,TEW,NO,YES,I,S,20,6,82500,240000
FIFTEEN,Nuwakot,RE,E,TEWS,NO,NO,R,P,200,4,34375,350000
FIFTEEN,Nuwakot,CM,P,TEW,NO,YES,L,P,500,5,206250,995000
FIFTEEN,Kathmandu,RE,P,TEW,NO,NO,R,P,100,4,700000,1000000
FIFTEEN,Kathmandu,RE,P,TEWS,NO,NO,R,P,500,3.048,1300000,1500000
FIFTEEN,Nuwakot,CM,P,TEW,NO,NO,R,P,50,11,82500,1500000
FIFTEEN,Kathmandu,CM,P,TEW,NO,NO,I,P,20,10,350000,750000
FIFTEEN,Nuwakot,RE,P,TEW,NO,NO,R,P,1500,6,20650,225000
FIFTEEN,Nuwakot,RE,P,TEW,NO,YES,I,P,500,30,137500,137500
FIFTEEN,Kathmandu,RE,E,TEW,NO,NO,I,P,100,4,150000,500000
FIFTEEN,Kathmandu,RE,E,TEW,NO,NO,R,P,300,3.048,300000,600000
FIFTEEN,Nuwakot,RE,E,TEW,YES,NO,I,P,300,6,13750,50000
FIFTEEN,Kathmandu,RE,GO,TEW,NO,NO,R,P,0,0.9144,200000,350000
FIFTEEN,Nuwakot,AG,E,TEW,NO,YES,R,S,700,6,13750,25000
FIFTEEN,Nuwakot,RE,GO,TEWS,NO,NO,I,H,200,30,82500,125000
FIFTEEN,Nuwakot,RE,GO,TEW,NO,NO,I,P,500,11,68750,182500
FIFTEEN,Nuwakot,RE,GO,TEW,NO,NO,I,P,1000,6,20625,100000
FIFTEEN,Nuwakot,RE,P,TEW,NO,NO,I,P,2000,7,48125,48125
FIFTEEN,Nuwakot,RE,E,TEWS,NO,NO,I,P,2000,6,13750,47000
FIFTEEN,Bhaktapur,RE,P,TEWS,NO,NO,R,P,100,8,500000,1600000
FIFTEEN,Kathmandu,CM,P,TEWS,NO,YES,TZ,P,0,6,700000,3000000
FIFTEEN,Lalitpur,CM,GO,TEW,NO,NO,R,P,1000,1.2192,62500,450000
FIFTEEN,Kathmandu,RE,E,TEW,NO,NO,R,P,2000,2.4384,300000,600000
FIFTEEN,Lalitpur,RE,GO,TEW,NO,NO,TZ,P,2000,6,93750,600000
FIFTEEN,Lalitpur,CM,E,TEW,NO,NO,R,P,150,4,318750,600000
FIFTEEN,Bhaktapur,RE,GO,TEW,NO,NO,R,P,1000,1.2192,70000,225000
FIFTEEN,Bhaktapur,RE,E,TEW,NO,NO,TZ,L,2000,5,180000,500000
FIFTEEN,Kathmandu,AG,GO,TEW,NO,YES,I,S,200,4,60000,250000
FIFTEEN,Kathmandu,RE,E,TEW,NO,NO,TZ,P,200,4,150000,650000
FIFTEEN,Bhaktapur,RE,GO,TEW,NO,NO,R,P,1000,1.8288,70000,300000
FIFTEEN,Kathmandu,RE,E,TEW,NO,NO,R,P,200,3.048,1100000,1300000
FIFTEEN,Kathmandu,RE,GO,TEW,NO,NO,I,S,2500,2.4384,100000,250000
FIFTEEN,Kathmandu,RE,E,TEW,NO,NO,R,S,1500,4,150000,300000
FIFTEEN,Kathmandu,RE,P,TEWS,NO,NO,R,P,300,10,1200000,2500000
FIFTEEN,Bhaktapur,RE,GO,TEW,NO,YES,I,S,3000,1.2192,15000,125000
FIFTEEN,Kathmandu,AG,GO,TEW,NO,NO,I,S,150,1,50000,150000
FIFTEEN,Kathmandu,CM,E,TEWS,NO,NO,R,P,300,4,1200000,2500000
FIFTEEN,Kathmandu,RE,E,TEWS,NO,NO,R,P,500,4,500000,1900000
FIFTEEN,Kathmandu,RE,E,TEW,NO,NO,TZ,S,3000,4,150000,350000
FIFTEEN,Bhaktapur,RE,GO,TEW,NO,NO,R,P,2500,1.2192,200000,750000
FIFTEEN,Lalitpur,RE,E,TEW,NO,NO,TZ,P,1000,4,381480,1200000
FIFTEEN,Kathmandu,RE,E,TEW,NO,NO,R,S,2500,4,200000,750000
FIFTEEN,Kathmandu,RE,E,TEW,NO,NO,R,P,2000,4,300000,800000
FIFTEEN,Kathmandu,RE,E,TEW,NO,YES,R,P,200,3.048,150000,500000
FIFTEEN,Kathmandu,RE,P,TEWS,NO,NO,I,P,100,6,500000,2000000
FIFTEEN,Kathmandu,RE,GO,TEW,NO,YES,TZ,S,2000,6,25000,400000
FIFTEEN,Bhaktapur,RE,GO,TEW,NO,NO,I,S,2000,0.9144,175000,550000
FIFTEEN,Kathmandu,CM,P,TEW,NO,NO,R,P,200,10,700000,1700000
FIFTEEN,Kathmandu,RE,E,TEW,NO,NO,R,P,300,3.048,400000,900000
FIFTEEN,Kathmandu,RE,E,TEW,NO,NO,R,P,2500,4,200000,750000
FIFTEEN,Bhaktapur,RE,GO,TEW,NO,NO,L,L,3000,6.096,100000,500000
FIFTEEN,Kathmandu,RE,GO,TEW,NO,YES,TR,S,200,3.6576,150000,450000
FIFTEEN,Kathmandu,RE,P,TEW,NO,NO,R,S,100,6,300000,525000
FIFTEEN,Kathmandu,RE,E,TEW,NO,NO,R,S,2000,6,200000,300000
FIFTEEN,Kathmandu,RE,GO,TEW,NO,NO,TZ,P,1000,1.2192,200000,600000
FIFTEEN,Nuwakot,AG,E,TEW,NO,NO,I,P,1000,6,14438,28125
FIFTEEN,Nuwakot,CM,P,TEW,NO,NO,R,P,1000,15,252656,1525000
FIFTEEN,Nuwakot,RE,P,TEWS,NO,NO,TZ,P,200,4,36094,175000
FIFTEEN,Kathmandu,RE,E,TEW,NO,YES,I,P,500,4,225000,900000
FIFTEEN,Kathmandu,RE,GO,TEW,NO,NO,R,P,1000,1.2192,100000,500000
FIFTEEN,Lalitpur,RE,E,TEW,NO,NO,R,P,1000,4,300000,687000
FIFTEEN,Kathmandu,CM,P,TEWS,NO,NO,I,S,600,4.8768,1400000,2500000
FIFTEEN,Nuwakot,RE,P,TEWS,NO,NO,I,S,20,30,108281,150000
FIFTEEN,Nuwakot,RE,E,TEWS,NO,YES,R,S,35,30,86625,425000
FIFTEEN,Nuwakot,AG,E,TEW,NO,NO,I,S,1500,4,14438,18750
FIFTEEN,Kathmandu,RE,E,TEW,NO,YES,R,P,1000,3.048,300000,600000
FIFTEEN,Kathmandu,RE,E,TEW,NO,NO,R,P,1000,4,400000,650000
FIFTEEN,Kathmandu,RE,GO,TEW,NO,NO,R,S,500,1.2192,225000,400000
FIFTEEN,Kathmandu,RE,E,TEW,NO,NO,I,S,1000,6,300000,300000
FIFTEEN,Kathmandu,RE,GO,TEWS,NO,NO,R,P,700,4,300000,500000
FIFTEEN,Nuwakot,CM,P,TEWS,NO,NO,R,P,100,18,144375,350000
FIFTEEN,Nuwakot,CM,P,TEW,NO,NO,I,P,500,8,144375,250000
FIFTEEN,Kathmandu,RE,E,TEWS,NO,NO,R,P,200,4,450000,925000
FIFTEEN,Lalitpur,RE,P,TEW,NO,YES,R,P,300,4,800000,1400000
FIFTEEN,Kathmandu,RE,E,TEW,NO,YES,R,P,300,4,300000,350000
FIFTEEN,Bhaktapur,RE,P,TEWS,NO,NO,I,P,500,18,350000,600000
FIFTEEN,Kathmandu,RE,E,TEWS,NO,NO,R,P,200,4,400000,1400000
FIFTEEN,Kathmandu,CM,GO,TEWS,NO,NO,I,S,180,4,700000,1000000
FIFTEEN,Kathmandu,RE,E,TEW,NO,NO,R,P,1500,6,200000,550000
FIFTEEN,Lalitpur,RE,GO,TEW,NO,NO,I,P,20,0,100000,400000
FIFTEEN,Lalitpur,RE,E,TEW,NO,NO,I,P,2000,4,200000,750000
FIFTEEN,Kathmandu,CM,E,TEWS,NO,NO,R,P,60,4,1200000,3550000
FIFTEEN,Kathmandu,RE,E,TEW,NO,YES,R,P,1000,4,300000,800000
FIFTEEN,Kathmandu,RE,GR,TEWS,NO,NO,R,P,200,4,1200000,4000000
FIFTEEN,Kathmandu,RE,E,TEWS,NO,NO,TZ,P,300,6,500000,2525000
FIFTEEN,Kathmandu,RE,E,TEWS,NO,NO,TZ,P,300,6,500000,2525000
FIFTEEN,Kathmandu,CM,P,TEWS,NO,NO,R,P,50,22,2800000,6000000
FIFTEEN,Kathmandu,RE,GO,TEW,NO,YES,TZ,P,200,0.9144,100000,400000
FIFTEEN,Kathmandu,RE,P,TEWS,NO,YES,R,P,1000,4,450000,2100000
FIFTEEN,Bhaktapur,RE,E,TEW,NO,NO,R,P,3000,6,165000,700000
FIFTEEN,Kathmandu,RE,E,TEWS,NO,NO,R,S,1000,4,350000,700000
FIFTEEN,Kathmandu,RE,E,TEW,NO,NO,I,S,50,4,650000,1200000
FIFTEEN,Bhaktapur,RE,E,TEW,NO,NO,I,P,3000,6,130000,250000
FIFTEEN,Kathmandu,CM,P,TEW,NO,NO,R,P,1500,11,300000,1375000
FIFTEEN,Kathmandu,RE,E,TEW,NO,NO,TZ,P,500,4,300000,825000
FIFTEEN,Kathmandu,RE,GO,TEWS,NO,NO,R,P,100,1.2192,900000,1025000
FIFTEEN,Kathmandu,RE,E,TEW,NO,NO,R,P,500,4,350000,650000
FIFTEEN,Kathmandu,RE,E,TEW,NO,NO,R,L,500,7,300000,300000
FIFTEEN,Kathmandu,RE,P,TEWS,NO,NO,L,S,300,4,400000,800000
FIFTEEN,Nuwakot,RE,GO,TEW,NO,NO,I,P,2500,6,14438,45000
FIFTEEN,Kathmandu,RE,GO,TEW,NO,NO,R,S,200,6,225000,700000
FIFTEEN,Kathmandu,RE,E,TEW,NO,NO,I,S,200,6,225000,450000
FIFTEEN,Kathmandu,RE,E,TEW,NO,NO,R,P,500,3.6576,300000,700000
FIFTEEN,Kathmandu,RE,E,TEW,NO,NO,R,P,1000,6,200000,320000
FIFTEEN,Kathmandu,RE,P,TEW,NO,NO,I,S,1000,7,600000,650000
FIFTEEN,Lalitpur,RE,E,TEWS,NO,NO,R,P,1000,4,300000,900000
FIFTEEN,Bhaktapur,RE,E,TEW,NO,NO,TR,P,700,4.2672,280000,600000
FIFTEEN,Lalitpur,RE,E,TEW,NO,NO,R,H,1500,4,300000,600000
FIFTEEN,Kathmandu,CM,GO,TEWS,NO,NO,TZ,S,400,0.9144,900000,1800000
FIFTEEN,Nuwakot,CM,P,TEWS,NO,NO,R,P,50,42,288750,2000000
FIFTEEN,Bhaktapur,RE,GO,TEW,NO,NO,I,S,50,0.9144,50000,250000
SIXTEEN,Kathmandu,RE,E,TEW,NO,NO,R,P,300,3.6576,400000,700000
SIXTEEN,Kathmandu,RE,E,TEW,NO,NO,R,S,600,4,330000,700000
SIXTEEN,Kathmandu,RE,E,TEW,NO,YES,TZ,P,20,6,300000,600000
SIXTEEN,Kathmandu,RE,GO,TEW,NO,NO,TZ,P,50,1.2192,250000,1000000
SIXTEEN,Kathmandu,RE,P,TEWS,NO,NO,R,P,0,2.4384,770000,1900000
SIXTEEN,Kathmandu,RE,GO,TEWS,NO,NO,R,P,100,1.2192,700000,1700000
SIXTEEN,Kathmandu,RE,GO,TEW,NO,NO,I,P,300,1.2192,150000,750000
SIXTEEN,Kathmandu,RE,GO,TEW,NO,NO,TZ,P,200,6,300000,515000
SIXTEEN,Kathmandu,RE,E,TEW,NO,NO,R,S,1000,4,200000,400000
SIXTEEN,Kathmandu,RE,E,TEWS,NO,NO,R,P,250,5.1816,200000,700000
SIXTEEN,Kathmandu,RE,E,TEW,NO,NO,R,P,400,3.048,400000,1000000
SIXTEEN,Kathmandu,RE,E,TEWS,NO,NO,I,P,1000,4,150000,225000
SIXTEEN,Kathmandu,RE,P,TEWS,NO,NO,R,P,500,3.048,650000,1500000
SIXTEEN,Kathmandu,RE,GO,TEW,NO,NO,I,S,2500,0.9144,150000,400000
SIXTEEN,Kathmandu,RE,P,TEWS,YES,NO,R,P,300,4,600000,1200000
SIXTEEN,Kathmandu,RE,E,TEW,NO,YES,I,L,500,10,200000,300000
SIXTEEN,Nuwakot,RE,E,TEWS,NO,NO,I,H,300,3.048,36094,150000
SIXTEEN,Nuwakot,RE,GO,TEWS,NO,NO,TZ,H,3000,8,72188,175000
SIXTEEN,Nuwakot,RE,E,TEW,NO,NO,R,H,500,6,36094,250000
SIXTEEN,Nuwakot,CM,P,TEW,NO,NO,R,H,300,30,144375,800000
SIXTEEN,Kathmandu,RE,GO,TEW,NO,NO,I,S,500,6,150000,150000
SIXTEEN,Kathmandu,RE,GO,TEW,NO,YES,R,P,1000,0.9144,100000,400000
SIXTEEN,Lalitpur,RE,P,TEW,NO,NO,I,P,50,6,465000,1450000
SIXTEEN,Nuwakot,CM,P,TEWS,NO,NO,R,L,1000,42,144375,620000
SIXTEEN,Lalitpur,RE,E,TEW,NO,NO,R,P,100,4,302005,1200000
SIXTEEN,Nuwakot,RE,E,TEW,NO,NO,R,L,500,10,14438,95000
SIXTEEN,Kathmandu,RE,E,TEW,NO,YES,I,S,5000,6,200000,200000
SIXTEEN,Lalitpur,AG,GO,TEW,NO,NO,I,P,1000,0,50000,200000
SIXTEEN,Bhaktapur,RE,P,TEW,NO,NO,R,P,2000,11,325000,600000
SIXTEEN,Bhaktapur,RE,GO,TEW,NO,NO,I,S,2000,0,60000,250000
SIXTEEN,Kathmandu,RE,P,TEW,NO,NO,TZ,P,500,6,275000,1200000
SIXTEEN,Lalitpur,RE,E,TEW,NO,NO,R,P,2000,4,110000,450000
SIXTEEN,Kathmandu,RE,E,TEW,YES,YES,R,P,500,3.048,300000,600000
SIXTEEN,Kathmandu,RE,GO,TEW,NO,NO,R,L,200,3.048,330000,800000
SIXTEEN,Kathmandu,RE,E,TEW,NO,NO,R,S,1000,4,300000,775000
SIXTEEN,Bhaktapur,RE,E,TEW,NO,NO,R,L,300,8,150000,750000
SIXTEEN,Kathmandu,RE,E,TEWS,NO,NO,R,P,200,3.048,300000,1000000
SIXTEEN,Nuwakot,RE,E,TEW,NO,NO,I,P,2000,6,36094,50000
SIXTEEN,Kathmandu,CM,GO,TEW,NO,NO,I,P,500,0,1200000,1500000
SIXTEEN,Kathmandu,RE,E,TEW,NO,NO,I,P,1000,4,200000,365000
SIXTEEN,Kathmandu,RE,P,TEW,NO,NO,R,P,1000,4,300000,300000
SIXTEEN,Kathmandu,RE,P,TEW,NO,NO,R,P,1000,4,300000,300000
SIXTEEN,Nuwakot,RE,E,TEWS,NO,NO,TZ,L,300,4,36094,300000
SIXTEEN,Kathmandu,RE,P,TEW,NO,NO,R,P,1000,4,300000,300000
SIXTEEN,Kathmandu,CM,P,TEWS,NO,YES,R,P,100,4,2000000,2225000
SIXTEEN,Kathmandu,RE,P,TEWS,NO,NO,R,S,300,3.048,700000,1050000
SIXTEEN,Kathmandu,RE,P,TEW,NO,NO,R,P,1000,4,300000,300000
SIXTEEN,Kathmandu,CM,P,TEWS,NO,NO,R,P,100,4,1400000,3200000
SIXTEEN,Kathmandu,CM,P,TEWS,NO,NO,R,P,100,4,1400000,3200000
SIXTEEN,Nuwakot,RE,P,TEW,YES,NO,TZ,P,30,6,144375,190000
SIXTEEN,Nuwakot,RE,E,TEW,NO,NO,TZ,P,1000,6,36094,105000
SIXTEEN,Kathmandu,RE,E,TEW,NO,YES,R,P,700,4,450000,1000000
SIXTEEN,Kathmandu,RE,E,TEW,NO,YES,R,P,500,1.2192,225000,600000
SIXTEEN,Nuwakot,CM,P,TEW,NO,NO,TZ,P,50,24,180469,400000
SIXTEEN,Kathmandu,RE,P,TEW,NO,NO,TZ,P,20,5,50000,450000
SIXTEEN,Nuwakot,CM,E,TEWS,NO,YES,TZ,P,500,4,216563,1200000
SIXTEEN,Bhaktapur,RE,GO,TEW,NO,YES,R,P,500,4,150000,600000
SIXTEEN,Bhaktapur,RE,E,TEW,NO,NO,R,P,300,4,200000,550000
SIXTEEN,Kathmandu,RE,E,TEW,NO,NO,TR,P,300,4,150000,200000
SIXTEEN,Bhaktapur,RE,E,TEW,NO,NO,TZ,P,500,3.048,90000,450000
SIXTEEN,Kathmandu,CM,P,TEWS,NO,NO,R,P,500,4,2400000,4500000
SIXTEEN,Kathmandu,RE,GO,TEW,NO,NO,R,P,150,0.9144,550000,825000
SIXTEEN,Nuwakot,CM,E,TEW,NO,NO,I,P,20,4,14438,500000
SIXTEEN,Kathmandu,RE,E,TEW,NO,YES,R,P,200,4,300000,700000
SIXTEEN,Kathmandu,RE,E,TEW,NO,YES,I,S,700,3.048,450000,450000
SIXTEEN,Kathmandu,CM,P,TEWS,NO,YES,I,S,1000,14,2800000,3000000
SIXTEEN,Kathmandu,RE,E,TEWS,NO,NO,I,P,20,7,330000,950000
SIXTEEN,Kathmandu,RE,GO,TEW,NO,NO,I,P,1000,4,150000,260000
SIXTEEN,Bhaktapur,RE,E,TEW,NO,YES,R,P,500,4,150000,600000
SIXTEEN,Nuwakot,RE,E,TEW,NO,NO,I,P,4000,6,14438,125000
SIXTEEN,Kathmandu,RE,P,TEWS,NO,NO,R,P,700,8,1200000,2500000
SIXTEEN,Kathmandu,RE,E,TEW,NO,NO,TZ,P,1500,4,350000,1000000
SIXTEEN,Kathmandu,RE,E,TEW,NO,YES,R,P,500,4,300000,750000
SIXTEEN,Kathmandu,CM,P,TEWS,NO,NO,TR,P,300,5,1400000,3200000
SIXTEEN,Kathmandu,AG,E,TEW,NO,YES,TZ,P,500,0,50000,300000
SIXTEEN,Lalitpur,RE,P,TEW,NO,NO,TZ,L,5000,4,400000,800000
SIXTEEN,Kathmandu,RE,E,TEW,NO,YES,R,P,400,6,300000,1500000
SIXTEEN,Kathmandu,RE,E,TEW,NO,NO,TZ,P,500,4,300000,500000
SIXTEEN,Nuwakot,RE,E,TEW,NO,NO,I,P,1000,4,36094,125000
SIXTEEN,Kathmandu,RE,E,TEW,NO,NO,TZ,P,200,4,550000,1000000
SIXTEEN,Nuwakot,RE,P,TEW,NO,NO,I,P,300,4,36094,200000
SIXTEEN,Nuwakot,RE,P,TEW,NO,NO,R,P,100,9,144375,1200000
SIXTEEN,Kathmandu,RE,E,TEW,NO,YES,R,P,700,0,35000,175000
SIXTEEN,Kathmandu,RE,E,TEW,NO,YES,I,P,1500,0,125000,400000
SIXTEEN,Kathmandu,CM,P,TEW,NO,NO,I,P,1000,11,1800000,3200000
SIXTEEN,Kathmandu,RE,E,TEW,NO,NO,TZ,P,0,3.048,300000,700000
SIXTEEN,Kathmandu,RE,GO,TEW,NO,NO,R,H,600,1.2192,100000,700000
SIXTEEN,Kathmandu,RE,GO,TEW,NO,NO,TZ,P,1500,1.2192,225000,600000
SIXTEEN,Kathmandu,RE,E,TEW,NO,NO,TZ,S,1500,3.048,300000,850000
SIXTEEN,Kathmandu,RE,E,TEW,NO,YES,R,P,1000,16,300000,1100000
SIXTEEN,Kathmandu,RE,GO,TEW,NO,YES,I,P,1000,1.2192,60000,350000
SIXTEEN,Kathmandu,RE,P,TEW,NO,NO,TZ,P,1000,4,700000,1800000
SIXTEEN,Lalitpur,RE,GO,TEW,NO,NO,I,P,150,0,100000,350000
SIXTEEN,Kathmandu,CM,E,TEW,NO,NO,I,P,200,4,300000,850000
SIXTEEN,Kathmandu,RE,E,TEW,NO,NO,I,L,500,4,300000,475000
SIXTEEN,Kathmandu,RE,E,TEW,NO,YES,R,H,1500,3.048,300000,1200000
SIXTEEN,Kathmandu,RE,GO,TEW,NO,NO,I,P,0,2.4384,150000,400000
SIXTEEN,Kathmandu,RE,E,TEW,NO,NO,I,P,1000,3.048,300000,712000
SIXTEEN,Bhaktapur,RE,GO,TEW,NO,NO,R,P,2500,1.2192,100000,700000
SIXTEEN,Kathmandu,RE,GO,TEW,NO,NO,I,P,500,1.2192,100000,250000
SIXTEEN,Kathmandu,RE,E,TEW,NO,NO,I,P,150,4,200000,800000
SIXTEEN,Kathmandu,RE,E,TEW,NO,YES,I,P,1500,4,200000,250000
SIXTEEN,Kathmandu,RE,E,TEW,NO,NO,I,P,800,2.4384,1200000,1200000
SIXTEEN,Kathmandu,RE,GO,TEW,NO,NO,R,P,800,1.524,900000,1100000
SIXTEEN,Nuwakot,CM,P,TEWS,NO,NO,R,L,500,12,180469,180469
SIXTEEN,Nuwakot,CM,P,TEW,NO,NO,TZ,L,50,6,108281,800000
SIXTEEN,Nuwakot,CM,P,TEW,NO,NO,R,L,1000,8,144375,400000
SIXTEEN,Kathmandu,RE,E,TEW,NO,NO,I,P,1000,6,200000,500000
SIXTEEN,Kathmandu,RE,E,TEW,NO,YES,R,P,500,4,206654,600000
SIXTEEN,Kathmandu,RE,E,TEW,NO,NO,R,P,300,3.6576,400000,800000
SIXTEEN,Bhaktapur,RE,E,TEW,NO,NO,R,P,3000,4,200000,1200000
SIXTEEN,Kathmandu,RE,E,TEW,NO,NO,TZ,P,500,3.048,300000,375000
SIXTEEN,Lalitpur,RE,GO,TEW,NO,NO,I,P,150,1.2192,100000,500000
SIXTEEN,Kathmandu,RE,E,TEW,NO,NO,I,S,300,6.096,150000,200000
SIXTEEN,Lalitpur,RE,E,TEW,NO,YES,R,P,900,6,160000,300000
SIXTEEN,Kathmandu,RE,GO,TEW,NO,NO,I,P,1000,0,50000,325000
SIXTEEN,Kathmandu,CM,P,TEWS,NO,NO,R,P,50,10,3000000,5000000
SIXTEEN,Kathmandu,CM,P,TEWS,NO,YES,TZ,P,300,20,1800000,2000000
SIXTEEN,Kathmandu,RE,E,TEW,NO,YES,I,S,600,4,200000,400000
SIXTEEN,Nuwakot,CM,P,TEW,NO,YES,L,S,100,15,249063,525000
SIXTEEN,Kathmandu,RE,P,TEWS,NO,NO,TZ,P,1000,4,300000,500000
SIXTEEN,Nuwakot,RE,E,TEW,NO,NO,R,P,1000,4,43313,125000
SIXTEEN,Kathmandu,RE,E,TEW,NO,NO,TZ,P,4000,4,50000,555000
SIXTEEN,Kathmandu,RE,GO,TEW,NO,NO,TZ,P,2000,1.2192,225000,700000
SIXTEEN,Kathmandu,RE,P,TEW,NO,NO,TZ,P,50,4,700000,2000000
SIXTEEN,Kathmandu,RE,E,TEW,NO,NO,R,P,500,4,350000,1000000
SIXTEEN,Bhaktapur,RE,P,TEW,NO,NO,TZ,P,2000,4,375000,600000
SIXTEEN,Kathmandu,CM,GO,TEW,NO,NO,TZ,P,1500,1.2192,550000,1075000
SIXTEEN,Nuwakot,RE,P,TEW,NO,NO,R,S,500,4,83031,125000
SIXTEEN,Nuwakot,RE,E,TEW,NO,NO,R,S,50,4,43313,400000
SIXTEEN,Nuwakot,RE,P,TEW,NO,NO,TZ,P,500,4,43313,400000
SIXTEEN,Nuwakot,RE,E,TEW,NO,NO,R,P,500,4,43313,450000
SIXTEEN,Nuwakot,RE,E,TEW,NO,NO,R,P,200,5.4864,18750,100000
SIXTEEN,Kathmandu,RE,E,TEW,NO,NO,R,P,400,4,350000,1450000
SIXTEEN,Nuwakot,RE,E,TEW,NO,NO,I,P,50,4,62313,150000
SIXTEEN,Kathmandu,RE,P,TEW,NO,NO,TZ,P,100,4,1300000,2000000
SIXTEEN,Bhaktapur,RE,GO,TEW,NO,YES,R,P,7000,1.2192,70000,250000
SIXTEEN,Kathmandu,RE,E,TEW,NO,NO,R,P,5500,6,50000,50000
SIXTEEN,Kathmandu,RE,GO,TEW,NO,NO,I,P,400,1.2192,300000,600000
SIXTEEN,Kathmandu,RE,E,TEW,NO,NO,R,P,40,0,550000,1250000
SIXTEEN,Kathmandu,RE,P,TEW,NO,NO,TZ,P,400,4,770000,1350000
SIXTEEN,Kathmandu,RE,E,TEW,NO,NO,TZ,P,700,4,770000,1500000
SIXTEEN,Lalitpur,RE,E,TEW,NO,NO,TZ,P,1500,4,381480,1200000
SIXTEEN,Nuwakot,RE,E,TEW,NO,NO,I,P,200,4,18750,50000
SIXTEEN,Nuwakot,CM,E,TEW,NO,NO,R,P,100,4,43313,500000
SIXTEEN,Nuwakot,RE,E,TEW,NO,NO,I,P,4500,6,24906,125000
SIXTEEN,Nuwakot,RE,E,TEWS,NO,NO,I,P,300,4,18750,50000
SIXTEEN,Kathmandu,CM,E,TEWS,NO,NO,TZ,P,200,4,1500000,3500000
SIXTEEN,Nuwakot,RE,P,TEW,NO,NO,TZ,P,0,6,43313,100000
SIXTEEN,Nuwakot,RE,E,TEW,NO,NO,R,P,500,4,18750,115000
SIXTEEN,Nuwakot,RE,E,TEW,NO,NO,TZ,P,200,4,43313,125000
SIXTEEN,Nuwakot,RE,E,TEW,NO,NO,I,P,2000,6,18750,200000
SIXTEEN,Nuwakot,RE,E,TEW,NO,YES,TZ,P,100,6,18750,150000
SIXTEEN,Nuwakot,RE,E,TEW,NO,YES,I,P,500,6,43313,75000
SIXTEEN,Nuwakot,RE,E,TEW,NO,NO,R,P,700,4,43313,160000
SIXTEEN,Nuwakot,RE,E,TEW,NO,NO,TZ,P,300,4,43313,750000
SIXTEEN,Nuwakot,RE,E,TEW,NO,NO,I,P,500,4,43313,135000
SIXTEEN,Nuwakot,CM,P,TEWS,NO,NO,R,P,100,21,124531,500000
SIXTEEN,Nuwakot,CM,P,TEWS,NO,NO,L,P,0,8,166031,700000
SIXTEEN,Kathmandu,RE,E,TEW,NO,NO,R,L,200,4,300000,880000
SIXTEEN,Nuwakot,CM,P,TEW,NO,NO,R,P,100,8,166031,1300000
SIXTEEN,Kathmandu,RE,E,TEW,NO,NO,R,P,1000,4,200000,675000
SIXTEEN,Kathmandu,RE,E,TEW,NO,NO,TZ,P,500,4,150000,400000
SIXTEEN,Kathmandu,RE,E,TEW,NO,NO,TZ,P,800,4,200000,600000
SIXTEEN,Kathmandu,RE,E,TEW,NO,NO,TZ,P,500,4,500000,1000000
SIXTEEN,Kathmandu,RE,E,TEW,NO,NO,TZ,P,200,4,225000,850000
SIXTEEN,Kathmandu,CM,P,TEWS,NO,NO,R,P,100,8,2800000,4500000
SIXTEEN,Kathmandu,RE,GR,TEWS,NO,YES,R,P,50,8,400000,900000
SEVENTEEN,Kathmandu,CM,E,TEWS,NO,NO,TZ,P,1000,4,400000,1300000
SEVENTEEN,Nuwakot,AG,GO,TEWS,NO,NO,TZ,H,3000,4,62312,300000
SEVENTEEN,Nuwakot,RE,E,TEWS,NO,NO,TR,S,100,6,62313,300000
SEVENTEEN,Nuwakot,RE,E,TEWS,NO,NO,TZ,H,300,4,18750,50000
SEVENTEEN,Nuwakot,RE,E,TEWS,NO,NO,I,S,200,4,18750,150000
SEVENTEEN,Nuwakot,RE,P,TEWS,NO,NO,R,H,400,4,20781,600000
SEVENTEEN,Nuwakot,RE,P,TEWS,NO,NO,R,S,500,6,166031,1000000
SEVENTEEN,Kathmandu,RE,E,TEW,NO,NO,R,P,2500,3.9624,900000,1300000
SEVENTEEN,Kathmandu,RE,E,TEWS,NO,NO,TZ,P,500,3.048,300000,1000000
SEVENTEEN,Nuwakot,RE,P,TEWS,NO,NO,TZ,H,100,36,41531,250000
SEVENTEEN,Kathmandu,CM,GO,TEW,NO,NO,TZ,P,0,0,206654,1300000
SEVENTEEN,Kathmandu,AG,GO,TEWS,YES,NO,TZ,P,0,4,150000,600000
SEVENTEEN,Kathmandu,CM,P,TEWS,NO,NO,I,L,200,7,1400000,4000000
SEVENTEEN,Kathmandu,RE,E,TEWS,NO,NO,TZ,P,200,4,300000,1000000
SEVENTEEN,Kathmandu,CM,P,TEWS,NO,NO,TZ,S,1100,14,2800000,3200000
SEVENTEEN,Kathmandu,CM,P,TEWS,NO,NO,R,P,900,3.048,550000,1800000
SEVENTEEN,Lalitpur,RE,E,TEW,NO,NO,TZ,P,150,3.6576,300000,900000
SEVENTEEN,Kathmandu,RE,E,TEWS,NO,NO,I,P,900,4,150000,1000000
SEVENTEEN,Kathmandu,RE,E,TEWS,NO,NO,I,P,900,4,150000,1000000
SEVENTEEN,Kathmandu,CM,P,TEWS,NO,NO,R,P,50,22,2800000,6000000
SEVENTEEN,Kathmandu,AG,P,TEWS,NO,NO,I,P,700,4,500000,1200000
SEVENTEEN,Kathmandu,RE,E,TEWS,NO,NO,I,P,2500,4,150000,500000
SEVENTEEN,Kathmandu,CM,P,TEWS,NO,NO,R,P,200,3.6576,2400000,6000000
SEVENTEEN,Lalitpur,RE,E,TEW,NO,NO,R,P,3500,3.9624,300000,1000000
SEVENTEEN,Kathmandu,CM,P,TEWS,NO,YES,I,P,200,4,900000,3000000
SEVENTEEN,Lalitpur,RE,E,TEWS,NO,NO,I,P,20,14,450000,850000
SEVENTEEN,Kathmandu,RE,E,TEW,NO,NO,I,L,200,4,600000,1100000
SEVENTEEN,Kathmandu,CM,E,TEWS,NO,NO,TZ,P,700,6.096,300000,1100000
SEVENTEEN,Kathmandu,CM,E,TEWS,NO,NO,I,P,200,4,450000,1800000
SEVENTEEN,Nuwakot,CM,GO,TEWS,NO,NO,TZ,P,100,30,99625,225000
SEVENTEEN,Nuwakot,CM,P,TEWS,NO,NO,TZ,P,400,15,43313,700000
SEVENTEEN,Nuwakot,RE,GO,TEWS,NO,NO,I,P,400,10,166031,705000
SEVENTEEN,Nuwakot,AG,E,TEWS,NO,NO,I,P,500,6,18750,45000
SEVENTEEN,Nuwakot,RE,E,TEWS,NO,NO,TZ,P,100,4,43312,475000
SEVENTEEN,Nuwakot,CM,E,TEWS,NO,NO,I,P,200,14,124531,1000000
SEVENTEEN,Nuwakot,RE,E,TEWS,NO,NO,TZ,P,400,6,43312,475000
SEVENTEEN,Nuwakot,RE,P,TEWS,NO,NO,I,P,300,6,43313,250000
SEVENTEEN,Nuwakot,RE,P,TEWS,NO,NO,I,P,100,42,290562,2500000
SEVENTEEN,Nuwakot,CM,GO,TEW,NO,NO,I,P,20,10,166031,400000
SEVENTEEN,Nuwakot,RE,GO,TEWS,NO,NO,R,P,50,3.6576,62313,62313
SEVENTEEN,Nuwakot,AG,P,TEWS,NO,NO,R,P,20,0,166031,1600000
SEVENTEEN,Kathmandu,RE,P,TEW,NO,NO,TZ,P,200,4,100000,1000000
SEVENTEEN,Kathmandu,RE,GO,TEW,NO,NO,I,P,100,0,325000,1100000
SEVENTEEN,Nuwakot,CM,E,TEWS,NO,NO,TZ,S,300,4,43313,250000
SEVENTEEN,Bhaktapur,RE,E,TEW,NO,NO,TZ,P,100,2.4384,300000,900000
SEVENTEEN,Bhaktapur,RE,E,TEWS,NO,NO,TZ,P,100,4,175000,800000
SEVENTEEN,Kathmandu,RE,E,TEW,NO,NO,R,S,300,4,100000,700000
SEVENTEEN,Kathmandu,RE,E,TEW,NO,YES,R,P,300,4,300000,800000
SEVENTEEN,Kathmandu,CM,GO,TEW,NO,NO,I,P,100,5,500000,2000000
SEVENTEEN,Kathmandu,CM,P,TEWS,NO,NO,TZ,P,200,10,1200000,2500000
SEVENTEEN,Kathmandu,AG,E,TEW,NO,NO,I,P,300,4,110000,600000
SEVENTEEN,Kathmandu,CM,P,TEWS,NO,NO,TZ,P,300,4,1500000,2500000
SEVENTEEN,Kathmandu,RE,GO,TEW,NO,NO,R,P,200,4,150000,900000
